file_name,URL
2000-02-15.xml,https://parlinfo.aph.gov.au/parlInfo/download/chamber/hansardr/2000-02-15/toc_unixml/163-5858.xml;fileType=text%2Fxml
2000-02-16.xml,https://parlinfo.aph.gov.au/parlInfo/download/chamber/hansardr/2000-02-16/toc_unixml/168-7.xml;fileType=text%2Fxml
2000-02-17.xml,https://parlinfo.aph.gov.au/parlInfo/download/chamber/hansardr/2000-02-17/toc_unixml/173-4969.xml;fileType=text%2Fxml
2000-03-06.xml,https://parlinfo.aph.gov.au/parlInfo/download/chamber/hansardr/2000-03-06/toc_unixml/214-1976.xml;fileType=text%2Fxml
2000-03-07.xml,https://parlinfo.aph.gov.au/parlInfo/download/chamber/hansardr/2000-03-07/toc_unixml/221-1954.xml;fileType=text%2Fxml
2000-03-08.xml,https://parlinfo.aph.gov.au/parlInfo/download/chamber/hansardr/2000-03-08/toc_unixml/224-5762.xml;fileType=text%2Fxml
2000-03-09.xml,https://parlinfo.aph.gov.au/parlInfo/download/chamber/hansardr/2000-03-09/toc_unixml/230-4.xml;fileType=text%2Fxml
2000-03-13.xml,https://parlinfo.aph.gov.au/parlInfo/download/chamber/hansardr/2000-03-13/toc_unixml/239-3752.xml;fileType=text%2Fxml
2000-03-14.xml,https://parlinfo.aph.gov.au/parlInfo/download/chamber/hansardr/2000-03-14/toc_unixml/243-1941.xml;fileType=text%2Fxml
2000-03-15.xml,https://parlinfo.aph.gov.au/parlInfo/download/chamber/hansardr/2000-03-15/toc_unixml/3480-1.xml;fileType=text%2Fxml
2000-03-16.xml,https://parlinfo.aph.gov.au/parlInfo/download/chamber/hansardr/2000-03-16/toc_unixml/260-1935.xml;fileType=text%2Fxml
2000-04-03.xml,https://parlinfo.aph.gov.au/parlInfo/download/chamber/hansardr/2000-04-03/toc_unixml/312-5381.xml;fileType=text%2Fxml
2000-04-04.xml,https://parlinfo.aph.gov.au/parlInfo/download/chamber/hansardr/2000-04-04/toc_unixml/316-5376.xml;fileType=text%2Fxml
2000-04-05.xml,https://parlinfo.aph.gov.au/parlInfo/download/chamber/hansardr/2000-04-05/toc_unixml/321-5815.xml;fileType=text%2Fxml
2000-04-06.xml,https://parlinfo.aph.gov.au/parlInfo/download/chamber/hansardr/2000-04-06/toc_unixml/327-5807.xml;fileType=text%2Fxml
2000-04-10.xml,https://parlinfo.aph.gov.au/parlInfo/download/chamber/hansardr/2000-04-10/toc_unixml/337-5728.xml;fileType=text%2Fxml
2000-04-11.xml,https://parlinfo.aph.gov.au/parlInfo/download/chamber/hansardr/2000-04-11/toc_unixml/344-5726.xml;fileType=text%2Fxml
2000-04-12.xml,https://parlinfo.aph.gov.au/parlInfo/download/chamber/hansardr/2000-04-12/toc_unixml/348-4.xml;fileType=text%2Fxml
2000-04-13.xml,https://parlinfo.aph.gov.au/parlInfo/download/chamber/hansardr/2000-04-13/toc_unixml/354-5.xml;fileType=text%2Fxml
2000-05-09.xml,https://parlinfo.aph.gov.au/parlInfo/download/chamber/hansardr/2000-05-09/toc_unixml/399-5146.xml;fileType=text%2Fxml
2000-05-10.xml,https://parlinfo.aph.gov.au/parlInfo/download/chamber/hansardr/2000-05-10/toc_unixml/403-4.xml;fileType=text%2Fxml
2000-05-11.xml,https://parlinfo.aph.gov.au/parlInfo/download/chamber/hansardr/2000-05-11/toc_unixml/406-1.xml;fileType=text%2Fxml
2000-05-29.xml,https://parlinfo.aph.gov.au/parlInfo/download/chamber/hansardr/2000-05-29/toc_unixml/465-3911.xml;fileType=text%2Fxml
2000-05-30.xml,https://parlinfo.aph.gov.au/parlInfo/download/chamber/hansardr/2000-05-30/toc_unixml/468-3819.xml;fileType=text%2Fxml
2000-05-31.xml,https://parlinfo.aph.gov.au/parlInfo/download/chamber/hansardr/2000-05-31/toc_unixml/471-5.xml;fileType=text%2Fxml
2000-06-01.xml,https://parlinfo.aph.gov.au/parlInfo/download/chamber/hansardr/2000-06-01/toc_unixml/476-3616.xml;fileType=text%2Fxml
2000-06-05.xml,https://parlinfo.aph.gov.au/parlInfo/download/chamber/hansardr/2000-06-05/toc_unixml/482-4.xml;fileType=text%2Fxml
2000-06-06.xml,https://parlinfo.aph.gov.au/parlInfo/download/chamber/hansardr/2000-06-06/toc_unixml/487-2991.xml;fileType=text%2Fxml
2000-06-07.xml,https://parlinfo.aph.gov.au/parlInfo/download/chamber/hansardr/2000-06-07/toc_unixml/490-4.xml;fileType=text%2Fxml
2000-06-08.xml,https://parlinfo.aph.gov.au/parlInfo/download/chamber/hansardr/2000-06-08/toc_unixml/495-3420.xml;fileType=text%2Fxml
2000-06-19.xml,https://parlinfo.aph.gov.au/parlInfo/download/chamber/hansardr/2000-06-19/toc_unixml/517-4.xml;fileType=text%2Fxml
2000-06-20.xml,https://parlinfo.aph.gov.au/parlInfo/download/chamber/hansardr/2000-06-20/toc_unixml/521-3157.xml;fileType=text%2Fxml
2000-06-21.xml,https://parlinfo.aph.gov.au/parlInfo/download/chamber/hansardr/2000-06-21/toc_unixml/524-4.xml;fileType=text%2Fxml
2000-06-22.xml,https://parlinfo.aph.gov.au/parlInfo/download/chamber/hansardr/2000-06-22/toc_unixml/530-4.xml;fileType=text%2Fxml
2000-06-26.xml,https://parlinfo.aph.gov.au/parlInfo/download/chamber/hansardr/2000-06-26/toc_unixml/535-4.xml;fileType=text%2Fxml
2000-06-27.xml,https://parlinfo.aph.gov.au/parlInfo/download/chamber/hansardr/2000-06-27/toc_unixml/542-2985.xml;fileType=text%2Fxml
2000-06-28.xml,https://parlinfo.aph.gov.au/parlInfo/download/chamber/hansardr/2000-06-28/toc_unixml/546-2981.xml;fileType=text%2Fxml
2000-06-29.xml,https://parlinfo.aph.gov.au/parlInfo/download/chamber/hansardr/2000-06-29/toc_unixml/549-2957.xml;fileType=text%2Fxml
2000-08-14.xml,https://parlinfo.aph.gov.au/parlInfo/download/chamber/hansardr/2000-08-14/toc_unixml/612-4.xml;fileType=text%2Fxml
2000-08-15.xml,https://parlinfo.aph.gov.au/parlInfo/download/chamber/hansardr/2000-08-15/toc_unixml/618-1841.xml;fileType=text%2Fxml
2000-08-16.xml,https://parlinfo.aph.gov.au/parlInfo/download/chamber/hansardr/2000-08-16/toc_unixml/623-1580.xml;fileType=text%2Fxml
2000-08-17.xml,https://parlinfo.aph.gov.au/parlInfo/download/chamber/hansardr/2000-08-17/toc_unixml/626-1560.xml;fileType=text%2Fxml
2000-08-28.xml,https://parlinfo.aph.gov.au/parlInfo/download/chamber/hansardr/2000-08-28/toc_unixml/651-2.xml;fileType=text%2Fxml
2000-08-29.xml,https://parlinfo.aph.gov.au/parlInfo/download/chamber/hansardr/2000-08-29/toc_unixml/656-2.xml;fileType=text%2Fxml
2000-08-30.xml,https://parlinfo.aph.gov.au/parlInfo/download/chamber/hansardr/2000-08-30/toc_unixml/659-2.xml;fileType=text%2Fxml
2000-08-31.xml,https://parlinfo.aph.gov.au/parlInfo/download/chamber/hansardr/2000-08-31/toc_unixml/661-3.xml;fileType=text%2Fxml
2000-09-04.xml,https://parlinfo.aph.gov.au/parlInfo/download/chamber/hansardr/2000-09-04/toc_unixml/671-1340.xml;fileType=text%2Fxml
2000-09-05.xml,https://parlinfo.aph.gov.au/parlInfo/download/chamber/hansardr/2000-09-05/toc_unixml/676-1264.xml;fileType=text%2Fxml
2000-09-06.xml,https://parlinfo.aph.gov.au/parlInfo/download/chamber/hansardr/2000-09-06/toc_unixml/680-3.xml;fileType=text%2Fxml
2000-09-07.xml,https://parlinfo.aph.gov.au/parlInfo/download/chamber/hansardr/2000-09-07/toc_unixml/682-3.xml;fileType=text%2Fxml
2000-10-03.xml,https://parlinfo.aph.gov.au/parlInfo/download/chamber/hansardr/2000-10-03/toc_unixml/723-2.xml;fileType=text%2Fxml
2000-10-04.xml,https://parlinfo.aph.gov.au/parlInfo/download/chamber/hansardr/2000-10-04/toc_unixml/726-2.xml;fileType=text%2Fxml
2000-10-05.xml,https://parlinfo.aph.gov.au/parlInfo/download/chamber/hansardr/2000-10-05/toc_unixml/729-3.xml;fileType=text%2Fxml
2000-10-09.xml,https://parlinfo.aph.gov.au/parlInfo/download/chamber/hansardr/2000-10-09/toc_unixml/737-973.xml;fileType=text%2Fxml
2000-10-10.xml,https://parlinfo.aph.gov.au/parlInfo/download/chamber/hansardr/2000-10-10/toc_unixml/742-959.xml;fileType=text%2Fxml
2000-10-11.xml,https://parlinfo.aph.gov.au/parlInfo/download/chamber/hansardr/2000-10-11/toc_unixml/746-954.xml;fileType=text%2Fxml
2000-10-12.xml,https://parlinfo.aph.gov.au/parlInfo/download/chamber/hansardr/2000-10-12/toc_unixml/3481-1.xml;fileType=text%2Fxml
2000-10-30.xml,https://parlinfo.aph.gov.au/parlInfo/download/chamber/hansardr/2000-10-30/toc_unixml/778-4.xml;fileType=text%2Fxml
2000-10-31.xml,https://parlinfo.aph.gov.au/parlInfo/download/chamber/hansardr/2000-10-31/toc_unixml/781-5.xml;fileType=text%2Fxml
2000-11-01.xml,https://parlinfo.aph.gov.au/parlInfo/download/chamber/hansardr/2000-11-01/toc_unixml/793-6.xml;fileType=text%2Fxml
2000-11-02.xml,https://parlinfo.aph.gov.au/parlInfo/download/chamber/hansardr/2000-11-02/toc_unixml/795-5.xml;fileType=text%2Fxml
2000-11-06.xml,https://parlinfo.aph.gov.au/parlInfo/download/chamber/hansardr/2000-11-06/toc_unixml/803-4.xml;fileType=text%2Fxml
2000-11-07.xml,https://parlinfo.aph.gov.au/parlInfo/download/chamber/hansardr/2000-11-07/toc_unixml/808-2.xml;fileType=text%2Fxml
2000-11-08.xml,https://parlinfo.aph.gov.au/parlInfo/download/chamber/hansardr/2000-11-08/toc_unixml/811-2.xml;fileType=text%2Fxml
2000-11-09.xml,https://parlinfo.aph.gov.au/parlInfo/download/chamber/hansardr/2000-11-09/toc_unixml/814-2.xml;fileType=text%2Fxml
2000-11-27.xml,https://parlinfo.aph.gov.au/parlInfo/download/chamber/hansardr/2000-11-27/toc_unixml/867-2.xml;fileType=text%2Fxml
2000-11-28.xml,https://parlinfo.aph.gov.au/parlInfo/download/chamber/hansardr/2000-11-28/toc_unixml/873-3.xml;fileType=text%2Fxml
2000-11-29.xml,https://parlinfo.aph.gov.au/parlInfo/download/chamber/hansardr/2000-11-29/toc_unixml/877-3.xml;fileType=text%2Fxml
2000-11-30.xml,https://parlinfo.aph.gov.au/parlInfo/download/chamber/hansardr/2000-11-30/toc_unixml/883-745.xml;fileType=text%2Fxml
2000-12-04.xml,https://parlinfo.aph.gov.au/parlInfo/download/chamber/hansardr/2000-12-04/toc_unixml/892-713.xml;fileType=text%2Fxml
2000-12-05.xml,https://parlinfo.aph.gov.au/parlInfo/download/chamber/hansardr/2000-12-05/toc_unixml/898-711.xml;fileType=text%2Fxml
2000-12-06.xml,https://parlinfo.aph.gov.au/parlInfo/download/chamber/hansardr/2000-12-06/toc_unixml/907-720.xml;fileType=text%2Fxml
2000-12-07.xml,https://parlinfo.aph.gov.au/parlInfo/download/chamber/hansardr/2000-12-07/toc_unixml/912-721.xml;fileType=text%2Fxml
2001-02-06.xml,https://parlinfo.aph.gov.au/parlInfo/download/chamber/hansardr/2001-02-06/toc_unixml/938-2.xml;fileType=text%2Fxml
2001-02-07.xml,https://parlinfo.aph.gov.au/parlInfo/download/chamber/hansardr/2001-02-07/toc_unixml/942-2.xml;fileType=text%2Fxml
2001-02-08.xml,https://parlinfo.aph.gov.au/parlInfo/download/chamber/hansardr/2001-02-08/toc_unixml/949-2.xml;fileType=text%2Fxml
2001-02-26.xml,https://parlinfo.aph.gov.au/parlInfo/download/chamber/hansardr/2001-02-26/toc_unixml/1019-5.xml;fileType=text%2Fxml
2001-02-27.xml,https://parlinfo.aph.gov.au/parlInfo/download/chamber/hansardr/2001-02-27/toc_unixml/1026-2.xml;fileType=text%2Fxml
2001-02-28.xml,https://parlinfo.aph.gov.au/parlInfo/download/chamber/hansardr/2001-02-28/toc_unixml/1030-3.xml;fileType=text%2Fxml
2001-03-01.xml,https://parlinfo.aph.gov.au/parlInfo/download/chamber/hansardr/2001-03-01/toc_unixml/1034-2.xml;fileType=text%2Fxml
2001-03-05.xml,https://parlinfo.aph.gov.au/parlInfo/download/chamber/hansardr/2001-03-05/toc_unixml/1049-2.xml;fileType=text%2Fxml
2001-03-06.xml,https://parlinfo.aph.gov.au/parlInfo/download/chamber/hansardr/2001-03-06/toc_unixml/1053-5.xml;fileType=text%2Fxml
2001-03-07.xml,https://parlinfo.aph.gov.au/parlInfo/download/chamber/hansardr/2001-03-07/toc_unixml/1056-4.xml;fileType=text%2Fxml
2001-03-08.xml,https://parlinfo.aph.gov.au/parlInfo/download/chamber/hansardr/2001-03-08/toc_unixml/1065-1.xml;fileType=text%2Fxml
2001-03-26.xml,https://parlinfo.aph.gov.au/parlInfo/download/chamber/hansardr/2001-03-26/toc_unixml/1121-510.xml;fileType=text%2Fxml
2001-03-27.xml,https://parlinfo.aph.gov.au/parlInfo/download/chamber/hansardr/2001-03-27/toc_unixml/1129-64.xml;fileType=text%2Fxml
2001-03-28.xml,https://parlinfo.aph.gov.au/parlInfo/download/chamber/hansardr/2001-03-28/toc_unixml/1139-503.xml;fileType=text%2Fxml
2001-03-29.xml,https://parlinfo.aph.gov.au/parlInfo/download/chamber/hansardr/2001-03-29/toc_unixml/1142-469.xml;fileType=text%2Fxml
2001-04-02.xml,https://parlinfo.aph.gov.au/parlInfo/download/chamber/hansardr/2001-04-02/toc_unixml/1162-59.xml;fileType=text%2Fxml
2001-04-03.xml,https://parlinfo.aph.gov.au/parlInfo/download/chamber/hansardr/2001-04-03/toc_unixml/1176-3.xml;fileType=text%2Fxml
2001-04-04.xml,https://parlinfo.aph.gov.au/parlInfo/download/chamber/hansardr/2001-04-04/toc_unixml/1186-52.xml;fileType=text%2Fxml
2001-04-05.xml,https://parlinfo.aph.gov.au/parlInfo/download/chamber/hansardr/2001-04-05/toc_unixml/1191-34.xml;fileType=text%2Fxml
2001-05-09.xml,https://parlinfo.aph.gov.au/parlInfo/download/chamber/hansardr/2001-05-09/toc_unixml/1239-1.xml;fileType=text%2Fxml
2001-05-10.xml,https://parlinfo.aph.gov.au/parlInfo/download/chamber/hansardr/2001-05-10/toc_unixml/1247-8.xml;fileType=text%2Fxml
2001-05-22.xml,https://parlinfo.aph.gov.au/parlInfo/download/chamber/hansardr/2001-05-22/toc_unixml/1266-2.xml;fileType=text%2Fxml
2001-05-23.xml,https://parlinfo.aph.gov.au/parlInfo/download/chamber/hansardr/2001-05-23/toc_unixml/1276-3.xml;fileType=text%2Fxml
2001-05-24.xml,https://parlinfo.aph.gov.au/parlInfo/download/chamber/hansardr/2001-05-24/toc_unixml/1281-4.xml;fileType=text%2Fxml
2001-06-04.xml,https://parlinfo.aph.gov.au/parlInfo/download/chamber/hansardr/2001-06-04/toc_unixml/1305-2.xml;fileType=text%2Fxml
2001-06-05.xml,https://parlinfo.aph.gov.au/parlInfo/download/chamber/hansardr/2001-06-05/toc_unixml/1312-4.xml;fileType=text%2Fxml
2001-06-06.xml,https://parlinfo.aph.gov.au/parlInfo/download/chamber/hansardr/2001-06-06/toc_unixml/1315-2.xml;fileType=text%2Fxml
2001-06-07.xml,https://parlinfo.aph.gov.au/parlInfo/download/chamber/hansardr/2001-06-07/toc_unixml/1320-5.xml;fileType=text%2Fxml
2001-06-18.xml,https://parlinfo.aph.gov.au/parlInfo/download/chamber/hansardr/2001-06-18/toc_unixml/1344-2.xml;fileType=text%2Fxml
2001-06-19.xml,https://parlinfo.aph.gov.au/parlInfo/download/chamber/hansardr/2001-06-19/toc_unixml/1349-4.xml;fileType=text%2Fxml
2001-06-20.xml,https://parlinfo.aph.gov.au/parlInfo/download/chamber/hansardr/2001-06-20/toc_unixml/1351-2.xml;fileType=text%2Fxml
2001-06-21.xml,https://parlinfo.aph.gov.au/parlInfo/download/chamber/hansardr/2001-06-21/toc_unixml/1358-4.xml;fileType=text%2Fxml
2001-06-25.xml,https://parlinfo.aph.gov.au/parlInfo/download/chamber/hansardr/2001-06-25/toc_unixml/1367-5.xml;fileType=text%2Fxml
2001-06-26.xml,https://parlinfo.aph.gov.au/parlInfo/download/chamber/hansardr/2001-06-26/toc_unixml/1375-2.xml;fileType=text%2Fxml
2001-06-27.xml,https://parlinfo.aph.gov.au/parlInfo/download/chamber/hansardr/2001-06-27/toc_unixml/1383-3.xml;fileType=text%2Fxml
2001-06-28.xml,https://parlinfo.aph.gov.au/parlInfo/download/chamber/hansardr/2001-06-28/toc_unixml/1386-5.xml;fileType=text%2Fxml
2001-08-06.xml,https://parlinfo.aph.gov.au/parlInfo/download/chamber/hansardr/2001-08-06/toc_unixml/1448-5.xml;fileType=text%2Fxml
2001-08-07.xml,https://parlinfo.aph.gov.au/parlInfo/download/chamber/hansardr/2001-08-07/toc_unixml/1453-8.xml;fileType=text%2Fxml
2001-08-08.xml,https://parlinfo.aph.gov.au/parlInfo/download/chamber/hansardr/2001-08-08/toc_unixml/1458-3.xml;fileType=text%2Fxml
2001-08-09.xml,https://parlinfo.aph.gov.au/parlInfo/download/chamber/hansardr/2001-08-09/toc_unixml/1464-5.xml;fileType=text%2Fxml
2001-08-20.xml,https://parlinfo.aph.gov.au/parlInfo/download/chamber/hansardr/2001-08-20/toc_unixml/1476-8.xml;fileType=text%2Fxml
2001-08-21.xml,https://parlinfo.aph.gov.au/parlInfo/download/chamber/hansardr/2001-08-21/toc_unixml/1482-4.xml;fileType=text%2Fxml
2001-08-22.xml,https://parlinfo.aph.gov.au/parlInfo/download/chamber/hansardr/2001-08-22/toc_unixml/1487-3.xml;fileType=text%2Fxml
2001-08-23.xml,https://parlinfo.aph.gov.au/parlInfo/download/chamber/hansardr/2001-08-23/toc_unixml/1491-4.xml;fileType=text%2Fxml
2001-08-27.xml,https://parlinfo.aph.gov.au/parlInfo/download/chamber/hansardr/2001-08-27/toc_unixml/1499-4.xml;fileType=text%2Fxml
2001-08-28.xml,https://parlinfo.aph.gov.au/parlInfo/download/chamber/hansardr/2001-08-28/toc_unixml/1504-6.xml;fileType=text%2Fxml
2001-08-29.xml,https://parlinfo.aph.gov.au/parlInfo/download/chamber/hansardr/2001-08-29/toc_unixml/1507-6.xml;fileType=text%2Fxml
2001-08-30.xml,https://parlinfo.aph.gov.au/parlInfo/download/chamber/hansardr/2001-08-30/toc_unixml/1510-5.xml;fileType=text%2Fxml
2001-09-17.xml,https://parlinfo.aph.gov.au/parlInfo/download/chamber/hansardr/2001-09-17/toc_unixml/1534-8.xml;fileType=text%2Fxml
2001-09-18.xml,https://parlinfo.aph.gov.au/parlInfo/download/chamber/hansardr/2001-09-18/toc_unixml/1537-8.xml;fileType=text%2Fxml
2001-09-19.xml,https://parlinfo.aph.gov.au/parlInfo/download/chamber/hansardr/2001-09-19/toc_unixml/1539-4.xml;fileType=text%2Fxml
2001-09-20.xml,https://parlinfo.aph.gov.au/parlInfo/download/chamber/hansardr/2001-09-20/toc_unixml/1542-4.xml;fileType=text%2Fxml
2001-09-24.xml,https://parlinfo.aph.gov.au/parlInfo/download/chamber/hansardr/2001-09-24/toc_unixml/1553-6.xml;fileType=text%2Fxml
2001-09-25.xml,https://parlinfo.aph.gov.au/parlInfo/download/chamber/hansardr/2001-09-25/toc_unixml/1556-4.xml;fileType=text%2Fxml
2001-09-26.xml,https://parlinfo.aph.gov.au/parlInfo/download/chamber/hansardr/2001-09-26/toc_unixml/1561-5.xml;fileType=text%2Fxml
2001-09-27.xml,https://parlinfo.aph.gov.au/parlInfo/download/chamber/hansardr/2001-09-27/toc_unixml/1564-6.xml;fileType=text%2Fxml
2002-02-12.xml,https://parlinfo.aph.gov.au/parlInfo/download/chamber/hansardr/2002-02-12/toc_unixml/1582-7.xml;fileType=text%2Fxml
2002-02-13.xml,https://parlinfo.aph.gov.au/parlInfo/download/chamber/hansardr/2002-02-13/toc_unixml/1585-10.xml;fileType=text%2Fxml
2002-02-14.xml,https://parlinfo.aph.gov.au/parlInfo/download/chamber/hansardr/2002-02-14/toc_unixml/1586-6.xml;fileType=text%2Fxml
2002-02-18.xml,https://parlinfo.aph.gov.au/parlInfo/download/chamber/hansardr/2002-02-18/toc_unixml/1591-6.xml;fileType=text%2Fxml
2002-02-19.xml,https://parlinfo.aph.gov.au/parlInfo/download/chamber/hansardr/2002-02-19/toc_unixml/1597-6.xml;fileType=text%2Fxml
2002-02-20.xml,https://parlinfo.aph.gov.au/parlInfo/download/chamber/hansardr/2002-02-20/toc_unixml/1598-2.xml;fileType=text%2Fxml
2002-02-21.xml,https://parlinfo.aph.gov.au/parlInfo/download/chamber/hansardr/2002-02-21/toc_unixml/1601-4.xml;fileType=text%2Fxml
2002-03-11.xml,https://parlinfo.aph.gov.au/parlInfo/download/chamber/hansardr/2002-03-11/toc_unixml/1615-4.xml;fileType=text%2Fxml
2002-03-12.xml,https://parlinfo.aph.gov.au/parlInfo/download/chamber/hansardr/2002-03-12/toc_unixml/1617-3.xml;fileType=text%2Fxml
2002-03-13.xml,https://parlinfo.aph.gov.au/parlInfo/download/chamber/hansardr/2002-03-13/toc_unixml/1620-2.xml;fileType=text%2Fxml
2002-03-14.xml,https://parlinfo.aph.gov.au/parlInfo/download/chamber/hansardr/2002-03-14/toc_unixml/1622-3.xml;fileType=text%2Fxml
2002-03-19.xml,https://parlinfo.aph.gov.au/parlInfo/download/chamber/hansardr/2002-03-19/toc_unixml/1628-2.xml;fileType=text%2Fxml
2002-03-20.xml,https://parlinfo.aph.gov.au/parlInfo/download/chamber/hansardr/2002-03-20/toc_unixml/1632-4.xml;fileType=text%2Fxml
2002-03-21.xml,https://parlinfo.aph.gov.au/parlInfo/download/chamber/hansardr/2002-03-21/toc_unixml/1633-5a.xml;fileType=text%2Fxml
2002-05-14.xml,https://parlinfo.aph.gov.au/parlInfo/download/chamber/hansardr/2002-05-14/toc_unixml/1694-3.xml;fileType=text%2Fxml
2002-05-15.xml,https://parlinfo.aph.gov.au/parlInfo/download/chamber/hansardr/2002-05-15/toc_unixml/1696-3.xml;fileType=text%2Fxml
2002-05-16.xml,https://parlinfo.aph.gov.au/parlInfo/download/chamber/hansardr/2002-05-16/toc_unixml/1698-2.xml;fileType=text%2Fxml
2002-05-27.xml,https://parlinfo.aph.gov.au/parlInfo/download/chamber/hansardr/2002-05-27/toc_unixml/1713-2.xml;fileType=text%2Fxml
2002-05-28.xml,https://parlinfo.aph.gov.au/parlInfo/download/chamber/hansardr/2002-05-28/toc_unixml/1716-2.xml;fileType=text%2Fxml
2002-05-29.xml,https://parlinfo.aph.gov.au/parlInfo/download/chamber/hansardr/2002-05-29/toc_unixml/1723-2.xml;fileType=text%2Fxml
2002-05-30.xml,https://parlinfo.aph.gov.au/parlInfo/download/chamber/hansardr/2002-05-30/toc_unixml/1725-3.xml;fileType=text%2Fxml
2002-06-03.xml,https://parlinfo.aph.gov.au/parlInfo/download/chamber/hansardr/2002-06-03/toc_unixml/1733-4.xml;fileType=text%2Fxml
2002-06-04.xml,https://parlinfo.aph.gov.au/parlInfo/download/chamber/hansardr/2002-06-04/toc_unixml/1741-4.xml;fileType=text%2Fxml
2002-06-05.xml,https://parlinfo.aph.gov.au/parlInfo/download/chamber/hansardr/2002-06-05/toc_unixml/1744-2.xml;fileType=text%2Fxml
2002-06-06.xml,https://parlinfo.aph.gov.au/parlInfo/download/chamber/hansardr/2002-06-06/toc_unixml/1748-5.xml;fileType=text%2Fxml
2002-06-17.xml,https://parlinfo.aph.gov.au/parlInfo/download/chamber/hansardr/2002-06-17/toc_unixml/1763-3.xml;fileType=text%2Fxml
2002-06-18.xml,https://parlinfo.aph.gov.au/parlInfo/download/chamber/hansardr/2002-06-18/toc_unixml/1768-4.xml;fileType=text%2Fxml
2002-06-19.xml,https://parlinfo.aph.gov.au/parlInfo/download/chamber/hansardr/2002-06-19/toc_unixml/1774-3.xml;fileType=text%2Fxml
2002-06-20.xml,https://parlinfo.aph.gov.au/parlInfo/download/chamber/hansardr/2002-06-20/toc_unixml/1777-2.xml;fileType=text%2Fxml
2002-06-24.xml,https://parlinfo.aph.gov.au/parlInfo/download/chamber/hansardr/2002-06-24/toc_unixml/1784-3.xml;fileType=text%2Fxml
2002-06-25.xml,https://parlinfo.aph.gov.au/parlInfo/download/chamber/hansardr/2002-06-25/toc_unixml/1793-3.xml;fileType=text%2Fxml
2002-06-26.xml,https://parlinfo.aph.gov.au/parlInfo/download/chamber/hansardr/2002-06-26/toc_unixml/1797-3.xml;fileType=text%2Fxml
2002-06-27.xml,https://parlinfo.aph.gov.au/parlInfo/download/chamber/hansardr/2002-06-27/toc_unixml/1800-5aa.xml;fileType=text%2Fxml
2002-08-19.xml,https://parlinfo.aph.gov.au/parlInfo/download/chamber/hansardr/2002-08-19/toc_unixml/1869-4.xml;fileType=text%2Fxml
2002-08-20.xml,https://parlinfo.aph.gov.au/parlInfo/download/chamber/hansardr/2002-08-20/toc_unixml/1873-5.xml;fileType=text%2Fxml
2002-08-21.xml,https://parlinfo.aph.gov.au/parlInfo/download/chamber/hansardr/2002-08-21/toc_unixml/1878-3.xml;fileType=text%2Fxml
2002-08-22.xml,https://parlinfo.aph.gov.au/parlInfo/download/chamber/hansardr/2002-08-22/toc_unixml/1885-4.xml;fileType=text%2Fxml
2002-08-26.xml,https://parlinfo.aph.gov.au/parlInfo/download/chamber/hansardr/2002-08-26/toc_unixml/1893-2.xml;fileType=text%2Fxml
2002-08-27.xml,https://parlinfo.aph.gov.au/parlInfo/download/chamber/hansardr/2002-08-27/toc_unixml/1898-3.xml;fileType=text%2Fxml
2002-08-28.xml,https://parlinfo.aph.gov.au/parlInfo/download/chamber/hansardr/2002-08-28/toc_unixml/1905-2.xml;fileType=text%2Fxml
2002-08-29.xml,https://parlinfo.aph.gov.au/parlInfo/download/chamber/hansardr/2002-08-29/toc_unixml/1907-3.xml;fileType=text%2Fxml
2002-09-16.xml,https://parlinfo.aph.gov.au/parlInfo/download/chamber/hansardr/2002-09-16/toc_unixml/1934-2.xml;fileType=text%2Fxml
2002-09-17.xml,https://parlinfo.aph.gov.au/parlInfo/download/chamber/hansardr/2002-09-17/toc_unixml/1938-3.xml;fileType=text%2Fxml
2002-09-18.xml,https://parlinfo.aph.gov.au/parlInfo/download/chamber/hansardr/2002-09-18/toc_unixml/3542-1.xml;fileType=text%2Fxml
2002-09-19.xml,https://parlinfo.aph.gov.au/parlInfo/download/chamber/hansardr/2002-09-19/toc_unixml/1946-5.xml;fileType=text%2Fxml
2002-09-23.xml,https://parlinfo.aph.gov.au/parlInfo/download/chamber/hansardr/2002-09-23/toc_unixml/1954-2.xml;fileType=text%2Fxml
2002-09-24.xml,https://parlinfo.aph.gov.au/parlInfo/download/chamber/hansardr/2002-09-24/toc_unixml/1961-2.xml;fileType=text%2Fxml
2002-09-25.xml,https://parlinfo.aph.gov.au/parlInfo/download/chamber/hansardr/2002-09-25/toc_unixml/1964-3.xml;fileType=text%2Fxml
2002-09-26.xml,https://parlinfo.aph.gov.au/parlInfo/download/chamber/hansardr/2002-09-26/toc_unixml/1968-2.xml;fileType=text%2Fxml
2002-10-14.xml,https://parlinfo.aph.gov.au/parlInfo/download/chamber/hansardr/2002-10-14/toc_unixml/2008-3.xml;fileType=text%2Fxml
2002-10-15.xml,https://parlinfo.aph.gov.au/parlInfo/download/chamber/hansardr/2002-10-15/toc_unixml/2012-4.xml;fileType=text%2Fxml
2002-10-16.xml,https://parlinfo.aph.gov.au/parlInfo/download/chamber/hansardr/2002-10-16/toc_unixml/2018-4.xml;fileType=text%2Fxml
2002-10-17.xml,https://parlinfo.aph.gov.au/parlInfo/download/chamber/hansardr/2002-10-17/toc_unixml/2019-2.xml;fileType=text%2Fxml
2002-10-21.xml,https://parlinfo.aph.gov.au/parlInfo/download/chamber/hansardr/2002-10-21/toc_unixml/2036-3.xml;fileType=text%2Fxml
2002-10-22.xml,https://parlinfo.aph.gov.au/parlInfo/download/chamber/hansardr/2002-10-22/toc_unixml/2040-3.xml;fileType=text%2Fxml
2002-10-23.xml,https://parlinfo.aph.gov.au/parlInfo/download/chamber/hansardr/2002-10-23/toc_unixml/2045-2.xml;fileType=text%2Fxml
2002-10-24.xml,https://parlinfo.aph.gov.au/parlInfo/download/chamber/hansardr/2002-10-24/toc_unixml/2050-2.xml;fileType=text%2Fxml
2002-11-11.xml,https://parlinfo.aph.gov.au/parlInfo/download/chamber/hansardr/2002-11-11/toc_unixml/2077-6.xml;fileType=text%2Fxml
2002-11-12.xml,https://parlinfo.aph.gov.au/parlInfo/download/chamber/hansardr/2002-11-12/toc_unixml/2082-3.xml;fileType=text%2Fxml
2002-11-13.xml,https://parlinfo.aph.gov.au/parlInfo/download/chamber/hansardr/2002-11-13/toc_unixml/2084-3.xml;fileType=text%2Fxml
2002-11-14.xml,https://parlinfo.aph.gov.au/parlInfo/download/chamber/hansardr/2002-11-14/toc_unixml/2090-3.xml;fileType=text%2Fxml
2002-12-02.xml,https://parlinfo.aph.gov.au/parlInfo/download/chamber/hansardr/2002-12-02/toc_unixml/2144-3.xml;fileType=text%2Fxml
2002-12-03.xml,https://parlinfo.aph.gov.au/parlInfo/download/chamber/hansardr/2002-12-03/toc_unixml/2149-2.xml;fileType=text%2Fxml
2002-12-04.xml,https://parlinfo.aph.gov.au/parlInfo/download/chamber/hansardr/2002-12-04/toc_unixml/2151-5.xml;fileType=text%2Fxml
2002-12-05.xml,https://parlinfo.aph.gov.au/parlInfo/download/chamber/hansardr/2002-12-05/toc_unixml/2154-2.xml;fileType=text%2Fxml
2002-12-09.xml,https://parlinfo.aph.gov.au/parlInfo/download/chamber/hansardr/2002-12-09/toc_unixml/2165-6.xml;fileType=text%2Fxml
2002-12-10.xml,https://parlinfo.aph.gov.au/parlInfo/download/chamber/hansardr/2002-12-10/toc_unixml/2171-2.xml;fileType=text%2Fxml
2002-12-11.xml,https://parlinfo.aph.gov.au/parlInfo/download/chamber/hansardr/2002-12-11/toc_unixml/2176-2.xml;fileType=text%2Fxml
2002-12-12.xml,https://parlinfo.aph.gov.au/parlInfo/download/chamber/hansardr/2002-12-12/toc_unixml/2178-5.xml;fileType=text%2Fxml
2003-02-04.xml,https://parlinfo.aph.gov.au/parlInfo/download/chamber/hansardr/2003-02-04/toc_unixml/2189-2.xml;fileType=text%2Fxml
2003-02-05.xml,https://parlinfo.aph.gov.au/parlInfo/download/chamber/hansardr/2003-02-05/toc_unixml/2192-3.xml;fileType=text%2Fxml
2003-02-06.xml,https://parlinfo.aph.gov.au/parlInfo/download/chamber/hansardr/2003-02-06/toc_unixml/2194-8.xml;fileType=text%2Fxml
2003-02-10.xml,https://parlinfo.aph.gov.au/parlInfo/download/chamber/hansardr/2003-02-10/toc_unixml/2200-3.xml;fileType=text%2Fxml
2003-02-11.xml,https://parlinfo.aph.gov.au/parlInfo/download/chamber/hansardr/2003-02-11/toc_unixml/2207-3.xml;fileType=text%2Fxml
2003-02-12.xml,https://parlinfo.aph.gov.au/parlInfo/download/chamber/hansardr/2003-02-12/toc_unixml/2210-4.xml;fileType=text%2Fxml
2003-02-13.xml,https://parlinfo.aph.gov.au/parlInfo/download/chamber/hansardr/2003-02-13/toc_unixml/2213-4.xml;fileType=text%2Fxml
2003-03-03.xml,https://parlinfo.aph.gov.au/parlInfo/download/chamber/hansardr/2003-03-03/toc_unixml/2263-3.xml;fileType=text%2Fxml
2003-03-04.xml,https://parlinfo.aph.gov.au/parlInfo/download/chamber/hansardr/2003-03-04/toc_unixml/2271-2.xml;fileType=text%2Fxml
2003-03-05.xml,https://parlinfo.aph.gov.au/parlInfo/download/chamber/hansardr/2003-03-05/toc_unixml/2274-2.xml;fileType=text%2Fxml
2003-03-06.xml,https://parlinfo.aph.gov.au/parlInfo/download/chamber/hansardr/2003-03-06/toc_unixml/2280-4.xml;fileType=text%2Fxml
2003-03-18.xml,https://parlinfo.aph.gov.au/parlInfo/download/chamber/hansardr/2003-03-18/toc_unixml/2307-4.xml;fileType=text%2Fxml
2003-03-19.xml,https://parlinfo.aph.gov.au/parlInfo/download/chamber/hansardr/2003-03-19/toc_unixml/2311-2.xml;fileType=text%2Fxml
2003-03-20.xml,https://parlinfo.aph.gov.au/parlInfo/download/chamber/hansardr/2003-03-20/toc_unixml/2317-2.xml;fileType=text%2Fxml
2003-03-24.xml,https://parlinfo.aph.gov.au/parlInfo/download/chamber/hansardr/2003-03-24/toc_unixml/2327-3.xml;fileType=text%2Fxml
2003-03-25.xml,https://parlinfo.aph.gov.au/parlInfo/download/chamber/hansardr/2003-03-25/toc_unixml/2336-2.xml;fileType=text%2Fxml
2003-03-26.xml,https://parlinfo.aph.gov.au/parlInfo/download/chamber/hansardr/2003-03-26/toc_unixml/2339-2.xml;fileType=text%2Fxml
2003-03-27.xml,https://parlinfo.aph.gov.au/parlInfo/download/chamber/hansardr/2003-03-27/toc_unixml/2343-2.xml;fileType=text%2Fxml
2003-05-13.xml,https://parlinfo.aph.gov.au/parlInfo/download/chamber/hansardr/2003-05-13/toc_unixml/2427-2.xml;fileType=text%2Fxml
2003-05-14.xml,https://parlinfo.aph.gov.au/parlInfo/download/chamber/hansardr/2003-05-14/toc_unixml/2454-3.xml;fileType=text%2Fxml
2003-05-15.xml,https://parlinfo.aph.gov.au/parlInfo/download/chamber/hansardr/2003-05-15/toc_unixml/2457-4.xml;fileType=text%2Fxml
2003-05-26.xml,https://parlinfo.aph.gov.au/parlInfo/download/chamber/hansardr/2003-05-26/toc_unixml/2501-4.xml;fileType=text%2Fxml
2003-05-27.xml,https://parlinfo.aph.gov.au/parlInfo/download/chamber/hansardr/2003-05-27/toc_unixml/2507-2.xml;fileType=text%2Fxml
2003-05-28.xml,https://parlinfo.aph.gov.au/parlInfo/download/chamber/hansardr/2003-05-28/toc_unixml/2512-6.xml;fileType=text%2Fxml
2003-05-29.xml,https://parlinfo.aph.gov.au/parlInfo/download/chamber/hansardr/2003-05-29/toc_unixml/2517-3.xml;fileType=text%2Fxml
2003-06-02.xml,https://parlinfo.aph.gov.au/parlInfo/download/chamber/hansardr/2003-06-02/toc_unixml/2529-4.xml;fileType=text%2Fxml
2003-06-03.xml,https://parlinfo.aph.gov.au/parlInfo/download/chamber/hansardr/2003-06-03/toc_unixml/2536-5.xml;fileType=text%2Fxml
2003-06-04.xml,https://parlinfo.aph.gov.au/parlInfo/download/chamber/hansardr/2003-06-04/toc_unixml/2541-4.xml;fileType=text%2Fxml
2003-06-05.xml,https://parlinfo.aph.gov.au/parlInfo/download/chamber/hansardr/2003-06-05/toc_unixml/2544-4.xml;fileType=text%2Fxml
2003-06-16.xml,https://parlinfo.aph.gov.au/parlInfo/download/chamber/hansardr/2003-06-16/toc_unixml/2571-3.xml;fileType=text%2Fxml
2003-06-17.xml,https://parlinfo.aph.gov.au/parlInfo/download/chamber/hansardr/2003-06-17/toc_unixml/2580-3.xml;fileType=text%2Fxml
2003-06-18.xml,https://parlinfo.aph.gov.au/parlInfo/download/chamber/hansardr/2003-06-18/toc_unixml/2586-3.xml;fileType=text%2Fxml
2003-06-19.xml,https://parlinfo.aph.gov.au/parlInfo/download/chamber/hansardr/2003-06-19/toc_unixml/2595-2.xml;fileType=text%2Fxml
2003-06-23.xml,https://parlinfo.aph.gov.au/parlInfo/download/chamber/hansardr/2003-06-23/toc_unixml/2611-3.xml;fileType=text%2Fxml
2003-06-24.xml,https://parlinfo.aph.gov.au/parlInfo/download/chamber/hansardr/2003-06-24/toc_unixml/2621-2.xml;fileType=text%2Fxml
2003-06-25.xml,https://parlinfo.aph.gov.au/parlInfo/download/chamber/hansardr/2003-06-25/toc_unixml/2626-2.xml;fileType=text%2Fxml
2003-06-26.xml,https://parlinfo.aph.gov.au/parlInfo/download/chamber/hansardr/2003-06-26/toc_unixml/2630-11.xml;fileType=text%2Fxml
2003-08-11.xml,https://parlinfo.aph.gov.au/parlInfo/download/chamber/hansardr/2003-08-11/toc_unixml/2709-3.xml;fileType=text%2Fxml
2003-08-12.xml,https://parlinfo.aph.gov.au/parlInfo/download/chamber/hansardr/2003-08-12/toc_unixml/2723-4.xml;fileType=text%2Fxml
2003-08-13.xml,https://parlinfo.aph.gov.au/parlInfo/download/chamber/hansardr/2003-08-13/toc_unixml/2729-2.xml;fileType=text%2Fxml
2003-08-14.xml,https://parlinfo.aph.gov.au/parlInfo/download/chamber/hansardr/2003-08-14/toc_unixml/2733-4.xml;fileType=text%2Fxml
2003-08-18.xml,https://parlinfo.aph.gov.au/parlInfo/download/chamber/hansardr/2003-08-18/toc_unixml/2744-5.xml;fileType=text%2Fxml
2003-08-19.xml,https://parlinfo.aph.gov.au/parlInfo/download/chamber/hansardr/2003-08-19/toc_unixml/2746-5.xml;fileType=text%2Fxml
2003-08-20.xml,https://parlinfo.aph.gov.au/parlInfo/download/chamber/hansardr/2003-08-20/toc_unixml/2754-3.xml;fileType=text%2Fxml
2003-08-21.xml,https://parlinfo.aph.gov.au/parlInfo/download/chamber/hansardr/2003-08-21/toc_unixml/2759-4.xml;fileType=text%2Fxml
2003-09-08.xml,https://parlinfo.aph.gov.au/parlInfo/download/chamber/hansardr/2003-09-08/toc_unixml/2823-5.xml;fileType=text%2Fxml
2003-09-09.xml,https://parlinfo.aph.gov.au/parlInfo/download/chamber/hansardr/2003-09-09/toc_unixml/2828-6.xml;fileType=text%2Fxml
2003-09-10.xml,https://parlinfo.aph.gov.au/parlInfo/download/chamber/hansardr/2003-09-10/toc_unixml/2832-3.xml;fileType=text%2Fxml
2003-09-11.xml,https://parlinfo.aph.gov.au/parlInfo/download/chamber/hansardr/2003-09-11/toc_unixml/2836-7.xml;fileType=text%2Fxml
2003-09-15.xml,https://parlinfo.aph.gov.au/parlInfo/download/chamber/hansardr/2003-09-15/toc_unixml/2850-3.xml;fileType=text%2Fxml
2003-09-16.xml,https://parlinfo.aph.gov.au/parlInfo/download/chamber/hansardr/2003-09-16/toc_unixml/2857-8.xml;fileType=text%2Fxml
2003-09-17.xml,https://parlinfo.aph.gov.au/parlInfo/download/chamber/hansardr/2003-09-17/toc_unixml/2863-3.xml;fileType=text%2Fxml
2003-09-18.xml,https://parlinfo.aph.gov.au/parlInfo/download/chamber/hansardr/2003-09-18/toc_unixml/2869-5.xml;fileType=text%2Fxml
2003-10-07.xml,https://parlinfo.aph.gov.au/parlInfo/download/chamber/hansardr/2003-10-07/toc_unixml/2904-4.xml;fileType=text%2Fxml
2003-10-08.xml,https://parlinfo.aph.gov.au/parlInfo/download/chamber/hansardr/2003-10-08/toc_unixml/2908-3.xml;fileType=text%2Fxml
2003-10-09.xml,https://parlinfo.aph.gov.au/parlInfo/download/chamber/hansardr/2003-10-09/toc_unixml/2915-5.xml;fileType=text%2Fxml
2003-10-13.xml,https://parlinfo.aph.gov.au/parlInfo/download/chamber/hansardr/2003-10-13/toc_unixml/2923-2.xml;fileType=text%2Fxml
2003-10-14.xml,https://parlinfo.aph.gov.au/parlInfo/download/chamber/hansardr/2003-10-14/toc_unixml/2932-3.xml;fileType=text%2Fxml
2003-10-15.xml,https://parlinfo.aph.gov.au/parlInfo/download/chamber/hansardr/2003-10-15/toc_unixml/2938-3.xml;fileType=text%2Fxml
2003-10-16.xml,https://parlinfo.aph.gov.au/parlInfo/download/chamber/hansardr/2003-10-16/toc_unixml/2949-2.xml;fileType=text%2Fxml
2003-10-23.xml,https://parlinfo.aph.gov.au/parlInfo/download/chamber/hansardr/2003-10-23/toc_unixml/2964-5.xml;fileType=text%2Fxml
2003-10-24.xml,https://parlinfo.aph.gov.au/parlInfo/download/chamber/hansardr/2003-10-24/toc_unixml/2966-3.xml;fileType=text%2Fxml
2003-11-03.xml,https://parlinfo.aph.gov.au/parlInfo/download/chamber/hansardr/2003-11-03/toc_unixml/2987-2.xml;fileType=text%2Fxml
2003-11-04.xml,https://parlinfo.aph.gov.au/parlInfo/download/chamber/hansardr/2003-11-04/toc_unixml/2994-3.xml;fileType=text%2Fxml
2003-11-05.xml,https://parlinfo.aph.gov.au/parlInfo/download/chamber/hansardr/2003-11-05/toc_unixml/2997-4.xml;fileType=text%2Fxml
2003-11-06.xml,https://parlinfo.aph.gov.au/parlInfo/download/chamber/hansardr/2003-11-06/toc_unixml/3007-5.xml;fileType=text%2Fxml
2003-11-24.xml,https://parlinfo.aph.gov.au/parlInfo/download/chamber/hansardr/2003-11-24/toc_unixml/3055-4.xml;fileType=text%2Fxml
2003-11-25.xml,https://parlinfo.aph.gov.au/parlInfo/download/chamber/hansardr/2003-11-25/toc_unixml/3061-4.xml;fileType=text%2Fxml
2003-11-26.xml,https://parlinfo.aph.gov.au/parlInfo/download/chamber/hansardr/2003-11-26/toc_unixml/3069-5.xml;fileType=text%2Fxml
2003-11-27.xml,https://parlinfo.aph.gov.au/parlInfo/download/chamber/hansardr/2003-11-27/toc_unixml/3073-3.xml;fileType=text%2Fxml
2003-12-01.xml,https://parlinfo.aph.gov.au/parlInfo/download/chamber/hansardr/2003-12-01/toc_unixml/3084-2.xml;fileType=text%2Fxml
2003-12-02.xml,https://parlinfo.aph.gov.au/parlInfo/download/chamber/hansardr/2003-12-02/toc_unixml/3091-3.xml;fileType=text%2Fxml
2003-12-03.xml,https://parlinfo.aph.gov.au/parlInfo/download/chamber/hansardr/2003-12-03/toc_unixml/3099-4.xml;fileType=text%2Fxml
2003-12-04.xml,https://parlinfo.aph.gov.au/parlInfo/download/chamber/hansardr/2003-12-04/toc_unixml/3103-5.xml;fileType=text%2Fxml
2004-02-10.xml,
2004-02-11.xml,https://parlinfo.aph.gov.au/parlInfo/download/chamber/hansardr/2004-02-11/toc_unixml/3135-4.xml;fileType=text%2Fxml
2004-02-12.xml,https://parlinfo.aph.gov.au/parlInfo/download/chamber/hansardr/2004-02-12/toc_unixml/3138-5.xml;fileType=text%2Fxml
2004-02-16.xml,https://parlinfo.aph.gov.au/parlInfo/download/chamber/hansardr/2004-02-16/toc_unixml/3154-2.xml;fileType=text%2Fxml
2004-02-17.xml,https://parlinfo.aph.gov.au/parlInfo/download/chamber/hansardr/2004-02-17/toc_unixml/3162-3.xml;fileType=text%2Fxml
2004-02-18.xml,https://parlinfo.aph.gov.au/parlInfo/download/chamber/hansardr/2004-02-18/toc_unixml/3167-4.xml;fileType=text%2Fxml
2004-02-19.xml,https://parlinfo.aph.gov.au/parlInfo/download/chamber/hansardr/2004-02-19/toc_unixml/3172-2.xml;fileType=text%2Fxml
2004-03-01.xml,https://parlinfo.aph.gov.au/parlInfo/download/chamber/hansardr/2004-03-01/toc_unixml/3193-4.xml;fileType=text%2Fxml
2004-03-02.xml,https://parlinfo.aph.gov.au/parlInfo/download/chamber/hansardr/2004-03-02/toc_unixml/3198-4.xml;fileType=text%2Fxml
2004-03-03.xml,https://parlinfo.aph.gov.au/parlInfo/download/chamber/hansardr/2004-03-03/toc_unixml/3202-3.xml;fileType=text%2Fxml
2004-03-04.xml,https://parlinfo.aph.gov.au/parlInfo/download/chamber/hansardr/2004-03-04/toc_unixml/3205-3.xml;fileType=text%2Fxml
2004-03-08.xml,https://parlinfo.aph.gov.au/parlInfo/download/chamber/hansardr/2004-03-08/toc_unixml/3213-3.xml;fileType=text%2Fxml
2004-03-09.xml,https://parlinfo.aph.gov.au/parlInfo/download/chamber/hansardr/2004-03-09/toc_unixml/3218-3.xml;fileType=text%2Fxml
2004-03-10.xml,https://parlinfo.aph.gov.au/parlInfo/download/chamber/hansardr/2004-03-10/toc_unixml/3225-2.xml;fileType=text%2Fxml
2004-03-11.xml,https://parlinfo.aph.gov.au/parlInfo/download/chamber/hansardr/2004-03-11/toc_unixml/3229-2.xml;fileType=text%2Fxml
2004-03-22.xml,https://parlinfo.aph.gov.au/parlInfo/download/chamber/hansardr/2004-03-22/toc_unixml/3251-2.xml;fileType=text%2Fxml
2004-03-23.xml,https://parlinfo.aph.gov.au/parlInfo/download/chamber/hansardr/2004-03-23/toc_unixml/3257-2.xml;fileType=text%2Fxml
2004-03-24.xml,https://parlinfo.aph.gov.au/parlInfo/download/chamber/hansardr/2004-03-24/toc_unixml/3260-2.xml;fileType=text%2Fxml
2004-03-25.xml,https://parlinfo.aph.gov.au/parlInfo/download/chamber/hansardr/2004-03-25/toc_unixml/3265-2.xml;fileType=text%2Fxml
2004-03-29.xml,https://parlinfo.aph.gov.au/parlInfo/download/chamber/hansardr/2004-03-29/toc_unixml/3277-3.xml;fileType=text%2Fxml
2004-03-30.xml,https://parlinfo.aph.gov.au/parlInfo/download/chamber/hansardr/2004-03-30/toc_unixml/3282-3.xml;fileType=text%2Fxml
2004-03-31.xml,https://parlinfo.aph.gov.au/parlInfo/download/chamber/hansardr/2004-03-31/toc_unixml/3287-2.xml;fileType=text%2Fxml
2004-04-01.xml,https://parlinfo.aph.gov.au/parlInfo/download/chamber/hansardr/2004-04-01/toc_unixml/3289-3.xml;fileType=text%2Fxml
2004-05-11.xml,https://parlinfo.aph.gov.au/parlInfo/download/chamber/hansardr/2004-05-11/toc_unixml/3352-2.xml;fileType=text%2Fxml
2004-05-12.xml,
2004-05-13.xml,https://parlinfo.aph.gov.au/parlInfo/download/chamber/hansardr/2004-05-13/toc_unixml/3366-7.xml;fileType=text%2Fxml
2004-05-24.xml,https://parlinfo.aph.gov.au/parlInfo/download/chamber/hansardr/2004-05-24/toc_unixml/3386-3.xml;fileType=text%2Fxml
2004-05-25.xml,https://parlinfo.aph.gov.au/parlInfo/download/chamber/hansardr/2004-05-25/toc_unixml/3392-2.xml;fileType=text%2Fxml
2004-05-26.xml,https://parlinfo.aph.gov.au/parlInfo/download/chamber/hansardr/2004-05-26/toc_unixml/3397-2.xml;fileType=text%2Fxml
2004-05-27.xml,https://parlinfo.aph.gov.au/parlInfo/download/chamber/hansardr/2004-05-27/toc_unixml/3402-3.xml;fileType=text%2Fxml
2004-05-31.xml,https://parlinfo.aph.gov.au/parlInfo/download/chamber/hansardr/2004-05-31/toc_unixml/3418-5.xml;fileType=text%2Fxml
2004-06-01.xml,https://parlinfo.aph.gov.au/parlInfo/download/chamber/hansardr/2004-06-01/toc_unixml/3424-3.xml;fileType=text%2Fxml
2004-06-02.xml,https://parlinfo.aph.gov.au/parlInfo/download/chamber/hansardr/2004-06-02/toc_unixml/3430-6.xml;fileType=text%2Fxml
2004-06-03.xml,https://parlinfo.aph.gov.au/parlInfo/download/chamber/hansardr/2004-06-03/toc_unixml/3435-2.xml;fileType=text%2Fxml
2004-06-15.xml,https://parlinfo.aph.gov.au/parlInfo/download/chamber/hansardr/2004-06-15/toc_unixml/3455-3.xml;fileType=text%2Fxml
2004-06-16.xml,https://parlinfo.aph.gov.au/parlInfo/download/chamber/hansardr/2004-06-16/toc_unixml/3458-2.xml;fileType=text%2Fxml
2004-06-17.xml,https://parlinfo.aph.gov.au/parlInfo/download/chamber/hansardr/2004-06-17/toc_unixml/3463-5.xml;fileType=text%2Fxml
2004-06-21.xml,https://parlinfo.aph.gov.au/parlInfo/download/chamber/hansardr/2004-06-21/toc_unixml/3479-3.xml;fileType=text%2Fxml
2004-06-22.xml,https://parlinfo.aph.gov.au/parlInfo/download/chamber/hansardr/2004-06-22/toc_unixml/3488-4.xml;fileType=text%2Fxml
2004-06-23.xml,https://parlinfo.aph.gov.au/parlInfo/download/chamber/hansardr/2004-06-23/toc_unixml/3492-3.xml;fileType=text%2Fxml
2004-06-24.xml,https://parlinfo.aph.gov.au/parlInfo/download/chamber/hansardr/2004-06-24/toc_unixml/3496-8.xml;fileType=text%2Fxml
2004-08-03.xml,https://parlinfo.aph.gov.au/parlInfo/download/chamber/hansardr/2004-08-03/toc_unixml/3553-4.xml;fileType=text%2Fxml
2004-08-04.xml,https://parlinfo.aph.gov.au/parlInfo/download/chamber/hansardr/2004-08-04/toc_unixml/3560-2.xml;fileType=text%2Fxml
2004-08-05.xml,https://parlinfo.aph.gov.au/parlInfo/download/chamber/hansardr/2004-08-05/toc_unixml/3564-8.xml;fileType=text%2Fxml
2004-08-09.xml,https://parlinfo.aph.gov.au/parlInfo/download/chamber/hansardr/2004-08-09/toc_unixml/3580-7.xml;fileType=text%2Fxml
2004-08-10.xml,https://parlinfo.aph.gov.au/parlInfo/download/chamber/hansardr/2004-08-10/toc_unixml/3586-2.xml;fileType=text%2Fxml
2004-08-11.xml,https://parlinfo.aph.gov.au/parlInfo/download/chamber/hansardr/2004-08-11/toc_unixml/3591-4.xml;fileType=text%2Fxml
2004-08-12.xml,https://parlinfo.aph.gov.au/parlInfo/download/chamber/hansardr/2004-08-12/toc_unixml/3594-14.xml;fileType=text%2Fxml
2004-11-16.xml,https://parlinfo.aph.gov.au/parlInfo/download/chamber/hansardr/2004-11-16/toc_unixml/3629-3.xml;fileType=text%2Fxml
2004-11-17.xml,https://parlinfo.aph.gov.au/parlInfo/download/chamber/hansardr/2004-11-17/toc_unixml/3630-9.xml;fileType=text%2Fxml
2004-11-18.xml,https://parlinfo.aph.gov.au/parlInfo/download/chamber/hansardr/2004-11-18/toc_unixml/3632-9.xml;fileType=text%2Fxml
2004-11-29.xml,https://parlinfo.aph.gov.au/parlInfo/download/chamber/hansardr/2004-11-29/toc_unixml/3636-7.xml;fileType=text%2Fxml
2004-11-30.xml,https://parlinfo.aph.gov.au/parlInfo/download/chamber/hansardr/2004-11-30/toc_unixml/3638-7.xml;fileType=text%2Fxml
2004-12-01.xml,https://parlinfo.aph.gov.au/parlInfo/download/chamber/hansardr/2004-12-01/toc_unixml/3639-5.xml;fileType=text%2Fxml
2004-12-02.xml,https://parlinfo.aph.gov.au/parlInfo/download/chamber/hansardr/2004-12-02/toc_unixml/3641-3.xml;fileType=text%2Fxml
2004-12-06.xml,https://parlinfo.aph.gov.au/parlInfo/download/chamber/hansardr/2004-12-06/toc_unixml/3644-5.xml;fileType=text%2Fxml
2004-12-07.xml,https://parlinfo.aph.gov.au/parlInfo/download/chamber/hansardr/2004-12-07/toc_unixml/3646-3.xml;fileType=text%2Fxml
2004-12-08.xml,https://parlinfo.aph.gov.au/parlInfo/download/chamber/hansardr/2004-12-08/toc_unixml/3649-2.xml;fileType=text%2Fxml
2004-12-09.xml,https://parlinfo.aph.gov.au/parlInfo/download/chamber/hansardr/2004-12-09/toc_unixml/3651-6.xml;fileType=text%2Fxml
2005-02-08.xml,https://parlinfo.aph.gov.au/parlInfo/download/chamber/hansardr/2005-02-08/toc_unixml/3660-6.xml;fileType=text%2Fxml
2005-02-09.xml,https://parlinfo.aph.gov.au/parlInfo/download/chamber/hansardr/2005-02-09/toc_unixml/3667-3.xml;fileType=text%2Fxml
2005-02-10.xml,https://parlinfo.aph.gov.au/parlInfo/download/chamber/hansardr/2005-02-10/toc_unixml/3670-4.xml;fileType=text%2Fxml
2005-02-14.xml,https://parlinfo.aph.gov.au/parlInfo/download/chamber/hansardr/2005-02-14/toc_unixml/3683-4.xml;fileType=text%2Fxml
2005-02-15.xml,https://parlinfo.aph.gov.au/parlInfo/download/chamber/hansardr/2005-02-15/toc_unixml/3688-3.xml;fileType=text%2Fxml
2005-02-16.xml,https://parlinfo.aph.gov.au/parlInfo/download/chamber/hansardr/2005-02-16/toc_unixml/3693-2.xml;fileType=text%2Fxml
2005-02-17.xml,https://parlinfo.aph.gov.au/parlInfo/download/chamber/hansardr/2005-02-17/toc_unixml/3698-2.xml;fileType=text%2Fxml
2005-03-07.xml,https://parlinfo.aph.gov.au/parlInfo/download/chamber/hansardr/2005-03-07/toc_unixml/3737-6.xml;fileType=text%2Fxml
2005-03-08.xml,https://parlinfo.aph.gov.au/parlInfo/download/chamber/hansardr/2005-03-08/toc_unixml/3742-7.xml;fileType=text%2Fxml
2005-03-09.xml,https://parlinfo.aph.gov.au/parlInfo/download/chamber/hansardr/2005-03-09/toc_unixml/3747-7.xml;fileType=text%2Fxml
2005-03-10.xml,https://parlinfo.aph.gov.au/parlInfo/download/chamber/hansardr/2005-03-10/toc_unixml/3748-6.xml;fileType=text%2Fxml
2005-03-14.xml,https://parlinfo.aph.gov.au/parlInfo/download/chamber/hansardr/2005-03-14/toc_unixml/3758-12.xml;fileType=text%2Fxml
2005-03-15.xml,https://parlinfo.aph.gov.au/parlInfo/download/chamber/hansardr/2005-03-15/toc_unixml/3763-8.xml;fileType=text%2Fxml
2005-03-16.xml,https://parlinfo.aph.gov.au/parlInfo/download/chamber/hansardr/2005-03-16/toc_unixml/3766-5.xml;fileType=text%2Fxml
2005-03-17.xml,https://parlinfo.aph.gov.au/parlInfo/download/chamber/hansardr/2005-03-17/toc_unixml/3770-4.xml;fileType=text%2Fxml
2005-05-10.xml,https://parlinfo.aph.gov.au/parlInfo/download/chamber/hansardr/2005-05-10/toc_unixml/3856-2.xml;fileType=text%2Fxml
2005-05-11.xml,https://parlinfo.aph.gov.au/parlInfo/download/chamber/hansardr/2005-05-11/toc_unixml/3870-6.xml;fileType=text%2Fxml
2005-05-12.xml,https://parlinfo.aph.gov.au/parlInfo/download/chamber/hansardr/2005-05-12/toc_unixml/3875-5.xml;fileType=text%2Fxml
2005-05-23.xml,https://parlinfo.aph.gov.au/parlInfo/download/chamber/hansardr/2005-05-23/toc_unixml/3895-2.xml;fileType=text%2Fxml
2005-05-24.xml,https://parlinfo.aph.gov.au/parlInfo/download/chamber/hansardr/2005-05-24/toc_unixml/3900-3.xml;fileType=text%2Fxml
2005-05-25.xml,https://parlinfo.aph.gov.au/parlInfo/download/chamber/hansardr/2005-05-25/toc_unixml/3911-4.xml;fileType=text%2Fxml
2005-05-26.xml,https://parlinfo.aph.gov.au/parlInfo/download/chamber/hansardr/2005-05-26/toc_unixml/3912-4.xml;fileType=text%2Fxml
2005-05-30.xml,https://parlinfo.aph.gov.au/parlInfo/download/chamber/hansardr/2005-05-30/toc_unixml/3923-4.xml;fileType=text%2Fxml
2005-05-31.xml,https://parlinfo.aph.gov.au/parlInfo/download/chamber/hansardr/2005-05-31/toc_unixml/3930-3.xml;fileType=text%2Fxml
2005-06-01.xml,https://parlinfo.aph.gov.au/parlInfo/download/chamber/hansardr/2005-06-01/toc_unixml/3940-3.xml;fileType=text%2Fxml
2005-06-02.xml,https://parlinfo.aph.gov.au/parlInfo/download/chamber/hansardr/2005-06-02/toc_unixml/3941-4.xml;fileType=text%2Fxml
2005-06-14.xml,https://parlinfo.aph.gov.au/parlInfo/download/chamber/hansardr/2005-06-14/toc_unixml/3967-2.xml;fileType=text%2Fxml
2005-06-15.xml,https://parlinfo.aph.gov.au/parlInfo/download/chamber/hansardr/2005-06-15/toc_unixml/3969-2.xml;fileType=text%2Fxml
2005-06-16.xml,https://parlinfo.aph.gov.au/parlInfo/download/chamber/hansardr/2005-06-16/toc_unixml/3972-2.xml;fileType=text%2Fxml
2005-06-20.xml,https://parlinfo.aph.gov.au/parlInfo/download/chamber/hansardr/2005-06-20/toc_unixml/3984-4.xml;fileType=text%2Fxml
2005-06-21.xml,https://parlinfo.aph.gov.au/parlInfo/download/chamber/hansardr/2005-06-21/toc_unixml/3993-3.xml;fileType=text%2Fxml
2005-06-22.xml,https://parlinfo.aph.gov.au/parlInfo/download/chamber/hansardr/2005-06-22/toc_unixml/3998-2.xml;fileType=text%2Fxml
2005-06-23.xml,https://parlinfo.aph.gov.au/parlInfo/download/chamber/hansardr/2005-06-23/toc_unixml/4001-10.xml;fileType=text%2Fxml
2005-08-09.xml,https://parlinfo.aph.gov.au/parlInfo/download/chamber/hansardr/2005-08-09/toc_unixml/4089-2.xml;fileType=text%2Fxml
2005-08-10.xml,https://parlinfo.aph.gov.au/parlInfo/download/chamber/hansardr/2005-08-10/toc_unixml/4098-2.xml;fileType=text%2Fxml
2005-08-11.xml,https://parlinfo.aph.gov.au/parlInfo/download/chamber/hansardr/2005-08-11/toc_unixml/4100-6.xml;fileType=text%2Fxml
2005-08-16.xml,https://parlinfo.aph.gov.au/parlInfo/download/chamber/hansardr/2005-08-16/toc_unixml/4111-3.xml;fileType=text%2Fxml
2005-08-17.xml,https://parlinfo.aph.gov.au/parlInfo/download/chamber/hansardr/2005-08-17/toc_unixml/4125-2.xml;fileType=text%2Fxml
2005-08-18.xml,https://parlinfo.aph.gov.au/parlInfo/download/chamber/hansardr/2005-08-18/toc_unixml/4128-9.xml;fileType=text%2Fxml
2005-09-05.xml,https://parlinfo.aph.gov.au/parlInfo/download/chamber/hansardr/2005-09-05/toc_unixml/4177-2.xml;fileType=text%2Fxml
2005-09-06.xml,https://parlinfo.aph.gov.au/parlInfo/download/chamber/hansardr/2005-09-06/toc_unixml/4185-2.xml;fileType=text%2Fxml
2005-09-07.xml,https://parlinfo.aph.gov.au/parlInfo/download/chamber/hansardr/2005-09-07/toc_unixml/4189-4.xml;fileType=text%2Fxml
2005-09-08.xml,https://parlinfo.aph.gov.au/parlInfo/download/chamber/hansardr/2005-09-08/toc_unixml/4194-2.xml;fileType=text%2Fxml
2005-09-12.xml,https://parlinfo.aph.gov.au/parlInfo/download/chamber/hansardr/2005-09-12/toc_unixml/4201-3.xml;fileType=text%2Fxml
2005-09-13.xml,https://parlinfo.aph.gov.au/parlInfo/download/chamber/hansardr/2005-09-13/toc_unixml/4207-2.xml;fileType=text%2Fxml
2005-09-14.xml,https://parlinfo.aph.gov.au/parlInfo/download/chamber/hansardr/2005-09-14/toc_unixml/4209-3.xml;fileType=text%2Fxml
2005-09-15.xml,https://parlinfo.aph.gov.au/parlInfo/download/chamber/hansardr/2005-09-15/toc_unixml/4215-6.xml;fileType=text%2Fxml
2005-10-10.xml,https://parlinfo.aph.gov.au/parlInfo/download/chamber/hansardr/2005-10-10/toc_unixml/4272-5.xml;fileType=text%2Fxml
2005-10-11.xml,https://parlinfo.aph.gov.au/parlInfo/download/chamber/hansardr/2005-10-11/toc_unixml/4275-4.xml;fileType=text%2Fxml
2005-10-12.xml,https://parlinfo.aph.gov.au/parlInfo/download/chamber/hansardr/2005-10-12/toc_unixml/4280-4.xml;fileType=text%2Fxml
2005-10-13.xml,https://parlinfo.aph.gov.au/parlInfo/download/chamber/hansardr/2005-10-13/toc_unixml/4282-6.xml;fileType=text%2Fxml
2005-10-31.xml,https://parlinfo.aph.gov.au/parlInfo/download/chamber/hansardr/2005-10-31/toc_unixml/4315-5.xml;fileType=text%2Fxml
2005-11-01.xml,https://parlinfo.aph.gov.au/parlInfo/download/chamber/hansardr/2005-11-01/toc_unixml/4337-2.xml;fileType=text%2Fxml
2005-11-02.xml,https://parlinfo.aph.gov.au/parlInfo/download/chamber/hansardr/2005-11-02/toc_unixml/4338-5.xml;fileType=text%2Fxml
2005-11-03.xml,https://parlinfo.aph.gov.au/parlInfo/download/chamber/hansardr/2005-11-03/toc_unixml/4339-3.xml;fileType=text%2Fxml
2005-11-07.xml,https://parlinfo.aph.gov.au/parlInfo/download/chamber/hansardr/2005-11-07/toc_unixml/4344-6.xml;fileType=text%2Fxml
2005-11-08.xml,https://parlinfo.aph.gov.au/parlInfo/download/chamber/hansardr/2005-11-08/toc_unixml/4347-2.xml;fileType=text%2Fxml
2005-11-09.xml,https://parlinfo.aph.gov.au/parlInfo/download/chamber/hansardr/2005-11-09/toc_unixml/4353-2.xml;fileType=text%2Fxml
2005-11-10.xml,https://parlinfo.aph.gov.au/parlInfo/download/chamber/hansardr/2005-11-10/toc_unixml/4356-4.xml;fileType=text%2Fxml
2005-11-28.xml,https://parlinfo.aph.gov.au/parlInfo/download/chamber/hansardr/2005-11-28/toc_unixml/4403-4.xml;fileType=text%2Fxml
2005-11-29.xml,https://parlinfo.aph.gov.au/parlInfo/download/chamber/hansardr/2005-11-29/toc_unixml/4409-3.xml;fileType=text%2Fxml
2005-11-30.xml,https://parlinfo.aph.gov.au/parlInfo/download/chamber/hansardr/2005-11-30/toc_unixml/4411-4.xml;fileType=text%2Fxml
2005-12-01.xml,https://parlinfo.aph.gov.au/parlInfo/download/chamber/hansardr/2005-12-01/toc_unixml/4414-2.xml;fileType=text%2Fxml
2005-12-05.xml,https://parlinfo.aph.gov.au/parlInfo/download/chamber/hansardr/2005-12-05/toc_unixml/4423-2.xml;fileType=text%2Fxml
2005-12-06.xml,https://parlinfo.aph.gov.au/parlInfo/download/chamber/hansardr/2005-12-06/toc_unixml/4425-2.xml;fileType=text%2Fxml
2005-12-07.xml,https://parlinfo.aph.gov.au/parlInfo/download/chamber/hansardr/2005-12-07/toc_unixml/4428-1.xml;fileType=text%2Fxml
2005-12-08.xml,https://parlinfo.aph.gov.au/parlInfo/download/chamber/hansardr/2005-12-08/toc_unixml/4430-4.xml;fileType=text%2Fxml
2006-02-07.xml,https://parlinfo.aph.gov.au/parlInfo/download/chamber/hansardr/2006-02-07/toc_unixml/4460-5.xml;fileType=text%2Fxml
2006-02-08.xml,https://parlinfo.aph.gov.au/parlInfo/download/chamber/hansardr/2006-02-08/toc_unixml/4471-2.xml;fileType=text%2Fxml
2006-02-09.xml,https://parlinfo.aph.gov.au/parlInfo/download/chamber/hansardr/2006-02-09/toc_unixml/4474-4.xml;fileType=text%2Fxml
2006-02-13.xml,https://parlinfo.aph.gov.au/parlInfo/download/chamber/hansardr/2006-02-13/toc_unixml/4496-2.xml;fileType=text%2Fxml
2006-02-14.xml,https://parlinfo.aph.gov.au/parlInfo/download/chamber/hansardr/2006-02-14/toc_unixml/4501-3.xml;fileType=text%2Fxml
2006-02-15.xml,https://parlinfo.aph.gov.au/parlInfo/download/chamber/hansardr/2006-02-15/toc_unixml/4502-b.xml;fileType=text%2Fxml
2006-02-16.xml,https://parlinfo.aph.gov.au/parlInfo/download/chamber/hansardr/2006-02-16/toc_unixml/4504-4.xml;fileType=text%2Fxml
2006-02-27.xml,https://parlinfo.aph.gov.au/parlInfo/download/chamber/hansardr/2006-02-27/toc_unixml/4532-4.xml;fileType=text%2Fxml
2006-02-28.xml,https://parlinfo.aph.gov.au/parlInfo/download/chamber/hansardr/2006-02-28/toc_unixml/4539-3.xml;fileType=text%2Fxml
2006-03-01.xml,https://parlinfo.aph.gov.au/parlInfo/download/chamber/hansardr/2006-03-01/toc_unixml/4542-2.xml;fileType=text%2Fxml
2006-03-02.xml,https://parlinfo.aph.gov.au/parlInfo/download/chamber/hansardr/2006-03-02/toc_unixml/4545-3.xml;fileType=text%2Fxml
2006-03-27.xml,https://parlinfo.aph.gov.au/parlInfo/download/chamber/hansardr/2006-03-27/toc_unixml/4594-3.xml;fileType=text%2Fxml
2006-03-28.xml,https://parlinfo.aph.gov.au/parlInfo/download/chamber/hansardr/2006-03-28/toc_unixml/4605-3.xml;fileType=text%2Fxml
2006-03-29.xml,https://parlinfo.aph.gov.au/parlInfo/download/chamber/hansardr/2006-03-29/toc_unixml/4607-5.xml;fileType=text%2Fxml
2006-03-30.xml,https://parlinfo.aph.gov.au/parlInfo/download/chamber/hansardr/2006-03-30/toc_unixml/4610-2.xml;fileType=text%2Fxml
2006-05-09.xml,https://parlinfo.aph.gov.au/parlInfo/download/chamber/hansardr/2006-05-09/toc_unixml/4678-2.xml;fileType=text%2Fxml
2006-05-10.xml,https://parlinfo.aph.gov.au/parlInfo/download/chamber/hansardr/2006-05-10/toc_unixml/4686-3.xml;fileType=text%2Fxml
2006-05-11.xml,https://parlinfo.aph.gov.au/parlInfo/download/chamber/hansardr/2006-05-11/toc_unixml/4689-5.xml;fileType=text%2Fxml
2006-05-22.xml,https://parlinfo.aph.gov.au/parlInfo/download/chamber/hansardr/2006-05-22/toc_unixml/4722-5.xml;fileType=text%2Fxml
2006-05-23.xml,https://parlinfo.aph.gov.au/parlInfo/download/chamber/hansardr/2006-05-23/toc_unixml/4731-3.xml;fileType=text%2Fxml
2006-05-24.xml,https://parlinfo.aph.gov.au/parlInfo/download/chamber/hansardr/2006-05-24/toc_unixml/4741-2.xml;fileType=text%2Fxml
2006-05-25.xml,https://parlinfo.aph.gov.au/parlInfo/download/chamber/hansardr/2006-05-25/toc_unixml/4742-3.xml;fileType=text%2Fxml
2006-05-29.xml,https://parlinfo.aph.gov.au/parlInfo/download/chamber/hansardr/2006-05-29/toc_unixml/4744-3.xml;fileType=text%2Fxml
2006-05-30.xml,https://parlinfo.aph.gov.au/parlInfo/download/chamber/hansardr/2006-05-30/toc_unixml/4746-3.xml;fileType=text%2Fxml
2006-05-31.xml,https://parlinfo.aph.gov.au/parlInfo/download/chamber/hansardr/2006-05-31/toc_unixml/4750-5.xml;fileType=text%2Fxml
2006-06-01.xml,https://parlinfo.aph.gov.au/parlInfo/download/chamber/hansardr/2006-06-01/toc_unixml/4752-2.xml;fileType=text%2Fxml
2006-06-13.xml,https://parlinfo.aph.gov.au/parlInfo/download/chamber/hansardr/2006-06-13/toc_unixml/4779-3.xml;fileType=text%2Fxml
2006-06-14.xml,https://parlinfo.aph.gov.au/parlInfo/download/chamber/hansardr/2006-06-14/toc_unixml/4783-4.xml;fileType=text%2Fxml
2006-06-15.xml,https://parlinfo.aph.gov.au/parlInfo/download/chamber/hansardr/2006-06-15/toc_unixml/4786-2.xml;fileType=text%2Fxml
2006-06-19.xml,https://parlinfo.aph.gov.au/parlInfo/download/chamber/hansardr/2006-06-19/toc_unixml/4798-2.xml;fileType=text%2Fxml
2006-06-20.xml,https://parlinfo.aph.gov.au/parlInfo/download/chamber/hansardr/2006-06-20/toc_unixml/4803-6.xml;fileType=text%2Fxml
2006-06-21.xml,https://parlinfo.aph.gov.au/parlInfo/download/chamber/hansardr/2006-06-21/toc_unixml/4805-2.xml;fileType=text%2Fxml
2006-06-22.xml,https://parlinfo.aph.gov.au/parlInfo/download/chamber/hansardr/2006-06-22/toc_unixml/4806-2.xml;fileType=text%2Fxml
2006-08-08.xml,https://parlinfo.aph.gov.au/parlInfo/download/chamber/hansardr/2006-08-08/toc_unixml/4867-4.xml;fileType=text%2Fxml
2006-08-09.xml,https://parlinfo.aph.gov.au/parlInfo/download/chamber/hansardr/2006-08-09/toc_unixml/4877-6.xml;fileType=text%2Fxml
2006-08-10.xml,https://parlinfo.aph.gov.au/parlInfo/download/chamber/hansardr/2006-08-10/toc_unixml/4881-3.xml;fileType=text%2Fxml
2006-08-14.xml,https://parlinfo.aph.gov.au/parlInfo/download/chamber/hansardr/2006-08-14/toc_unixml/4887-6.xml;fileType=text%2Fxml
2006-08-15.xml,https://parlinfo.aph.gov.au/parlInfo/download/chamber/hansardr/2006-08-15/toc_unixml/4894-3.xml;fileType=text%2Fxml
2006-08-16.xml,https://parlinfo.aph.gov.au/parlInfo/download/chamber/hansardr/2006-08-16/toc_unixml/4898-2.xml;fileType=text%2Fxml
2006-08-17.xml,https://parlinfo.aph.gov.au/parlInfo/download/chamber/hansardr/2006-08-17/toc_unixml/4901-4.xml;fileType=text%2Fxml
2006-09-04.xml,https://parlinfo.aph.gov.au/parlInfo/download/chamber/hansardr/2006-09-04/toc_unixml/4943-2.xml;fileType=text%2Fxml
2006-09-05.xml,https://parlinfo.aph.gov.au/parlInfo/download/chamber/hansardr/2006-09-05/toc_unixml/4949-2.xml;fileType=text%2Fxml
2006-09-06.xml,https://parlinfo.aph.gov.au/parlInfo/download/chamber/hansardr/2006-09-06/toc_unixml/4951-3.xml;fileType=text%2Fxml
2006-09-07.xml,https://parlinfo.aph.gov.au/parlInfo/download/chamber/hansardr/2006-09-07/toc_unixml/4954-3.xml;fileType=text%2Fxml
2006-09-11.xml,https://parlinfo.aph.gov.au/parlInfo/download/chamber/hansardr/2006-09-11/toc_unixml/4959-3.xml;fileType=text%2Fxml
2006-09-12.xml,https://parlinfo.aph.gov.au/parlInfo/download/chamber/hansardr/2006-09-12/toc_unixml/4964-4.xml;fileType=text%2Fxml
2006-09-13.xml,https://parlinfo.aph.gov.au/parlInfo/download/chamber/hansardr/2006-09-13/toc_unixml/4967-4.xml;fileType=text%2Fxml
2006-09-14.xml,https://parlinfo.aph.gov.au/parlInfo/download/chamber/hansardr/2006-09-14/toc_unixml/4971-3.xml;fileType=text%2Fxml
2006-10-09.xml,https://parlinfo.aph.gov.au/parlInfo/download/chamber/hansardr/2006-10-09/toc_unixml/5010-5.xml;fileType=text%2Fxml
2006-10-10.xml,https://parlinfo.aph.gov.au/parlInfo/download/chamber/hansardr/2006-10-10/toc_unixml/5015-2.xml;fileType=text%2Fxml
2006-10-11.xml,https://parlinfo.aph.gov.au/parlInfo/download/chamber/hansardr/2006-10-11/toc_unixml/5017-4.xml;fileType=text%2Fxml
2006-10-12.xml,https://parlinfo.aph.gov.au/parlInfo/download/chamber/hansardr/2006-10-12/toc_unixml/5021-3.xml;fileType=text%2Fxml
2006-10-16.xml,https://parlinfo.aph.gov.au/parlInfo/download/chamber/hansardr/2006-10-16/toc_unixml/5030-5.xml;fileType=text%2Fxml
2006-10-17.xml,https://parlinfo.aph.gov.au/parlInfo/download/chamber/hansardr/2006-10-17/toc_unixml/5035-2.xml;fileType=text%2Fxml
2006-10-18.xml,https://parlinfo.aph.gov.au/parlInfo/download/chamber/hansardr/2006-10-18/toc_unixml/5039-5.xml;fileType=text%2Fxml
2006-10-19.xml,https://parlinfo.aph.gov.au/parlInfo/download/chamber/hansardr/2006-10-19/toc_unixml/5044-3.xml;fileType=text%2Fxml
2006-10-30.xml,https://parlinfo.aph.gov.au/parlInfo/download/chamber/hansardr/2006-10-30/toc_unixml/5088-3.xml;fileType=text%2Fxml
2006-10-31.xml,https://parlinfo.aph.gov.au/parlInfo/download/chamber/hansardr/2006-10-31/toc_unixml/5100-4.xml;fileType=text%2Fxml
2006-11-01.xml,https://parlinfo.aph.gov.au/parlInfo/download/chamber/hansardr/2006-11-01/toc_unixml/5102-4.xml;fileType=text%2Fxml
2006-11-02.xml,https://parlinfo.aph.gov.au/parlInfo/download/chamber/hansardr/2006-11-02/toc_unixml/5104-4.xml;fileType=text%2Fxml
2006-11-27.xml,https://parlinfo.aph.gov.au/parlInfo/download/chamber/hansardr/2006-11-27/toc_unixml/5142-5.xml;fileType=text%2Fxml
2006-11-28.xml,https://parlinfo.aph.gov.au/parlInfo/download/chamber/hansardr/2006-11-28/toc_unixml/5148-5.xml;fileType=text%2Fxml
2006-11-29.xml,https://parlinfo.aph.gov.au/parlInfo/download/chamber/hansardr/2006-11-29/toc_unixml/5152-3.xml;fileType=text%2Fxml
2006-11-30.xml,https://parlinfo.aph.gov.au/parlInfo/download/chamber/hansardr/2006-11-30/toc_unixml/5155-3.xml;fileType=text%2Fxml
2006-12-04.xml,https://parlinfo.aph.gov.au/parlInfo/download/chamber/hansardr/2006-12-04/toc_unixml/5168-7.xml;fileType=text%2Fxml
2006-12-05.xml,https://parlinfo.aph.gov.au/parlInfo/download/chamber/hansardr/2006-12-05/toc_unixml/5172-3.xml;fileType=text%2Fxml
2006-12-06.xml,https://parlinfo.aph.gov.au/parlInfo/download/chamber/hansardr/2006-12-06/toc_unixml/5177-5.xml;fileType=text%2Fxml
2006-12-07.xml,https://parlinfo.aph.gov.au/parlInfo/download/chamber/hansardr/2006-12-07/toc_unixml/5180-4.xml;fileType=text%2Fxml
2007-02-06.xml,https://parlinfo.aph.gov.au/parlInfo/download/chamber/hansardr/2007-02-06/toc_unixml/5208-3.xml;fileType=text%2Fxml
2007-02-07.xml,https://parlinfo.aph.gov.au/parlInfo/download/chamber/hansardr/2007-02-07/toc_unixml/5210-2.xml;fileType=text%2Fxml
2007-02-08.xml,https://parlinfo.aph.gov.au/parlInfo/download/chamber/hansardr/2007-02-08/toc_unixml/5212-3.xml;fileType=text%2Fxml
2007-02-12.xml,https://parlinfo.aph.gov.au/parlInfo/download/chamber/hansardr/2007-02-12/toc_unixml/5234-2.xml;fileType=text%2Fxml
2007-02-13.xml,https://parlinfo.aph.gov.au/parlInfo/download/chamber/hansardr/2007-02-13/toc_unixml/5242-3.xml;fileType=text%2Fxml
2007-02-14.xml,https://parlinfo.aph.gov.au/parlInfo/download/chamber/hansardr/2007-02-14/toc_unixml/5243-5.xml;fileType=text%2Fxml
2007-02-15.xml,https://parlinfo.aph.gov.au/parlInfo/download/chamber/hansardr/2007-02-15/toc_unixml/5245-4.xml;fileType=text%2Fxml
2007-02-26.xml,https://parlinfo.aph.gov.au/parlInfo/download/chamber/hansardr/2007-02-26/toc_unixml/5264-3.xml;fileType=text%2Fxml
2007-02-27.xml,https://parlinfo.aph.gov.au/parlInfo/download/chamber/hansardr/2007-02-27/toc_unixml/5268-2.xml;fileType=text%2Fxml
2007-02-28.xml,https://parlinfo.aph.gov.au/parlInfo/download/chamber/hansardr/2007-02-28/toc_unixml/5271-3.xml;fileType=text%2Fxml
2007-03-01.xml,https://parlinfo.aph.gov.au/parlInfo/download/chamber/hansardr/2007-03-01/toc_unixml/5274-3.xml;fileType=text%2Fxml
2007-03-20.xml,https://parlinfo.aph.gov.au/parlInfo/download/chamber/hansardr/2007-03-20/toc_unixml/5315-3.xml;fileType=text%2Fxml
2007-03-21.xml,https://parlinfo.aph.gov.au/parlInfo/download/chamber/hansardr/2007-03-21/toc_unixml/5318-3.xml;fileType=text%2Fxml
2007-03-22.xml,https://parlinfo.aph.gov.au/parlInfo/download/chamber/hansardr/2007-03-22/toc_unixml/5320-6.xml;fileType=text%2Fxml
2007-03-26.xml,https://parlinfo.aph.gov.au/parlInfo/download/chamber/hansardr/2007-03-26/toc_unixml/5328-3.xml;fileType=text%2Fxml
2007-03-27.xml,https://parlinfo.aph.gov.au/parlInfo/download/chamber/hansardr/2007-03-27/toc_unixml/5334-3.xml;fileType=text%2Fxml
2007-03-28.xml,https://parlinfo.aph.gov.au/parlInfo/download/chamber/hansardr/2007-03-28/toc_unixml/5340-5.xml;fileType=text%2Fxml
2007-03-29.xml,https://parlinfo.aph.gov.au/parlInfo/download/chamber/hansardr/2007-03-29/toc_unixml/5346-2.xml;fileType=text%2Fxml
2007-05-08.xml,https://parlinfo.aph.gov.au/parlInfo/download/chamber/hansardr/2007-05-08/toc_unixml/5407-2.xml;fileType=text%2Fxml
2007-05-09.xml,https://parlinfo.aph.gov.au/parlInfo/download/chamber/hansardr/2007-05-09/toc_unixml/5413-2.xml;fileType=text%2Fxml
2007-05-10.xml,https://parlinfo.aph.gov.au/parlInfo/download/chamber/hansardr/2007-05-10/toc_unixml/5414-6.xml;fileType=text%2Fxml
2007-05-21.xml,https://parlinfo.aph.gov.au/parlInfo/download/chamber/hansardr/2007-05-21/toc_unixml/5457-4.xml;fileType=text%2Fxml
2007-05-22.xml,https://parlinfo.aph.gov.au/parlInfo/download/chamber/hansardr/2007-05-22/toc_unixml/5464-3.xml;fileType=text%2Fxml
2007-05-23.xml,https://parlinfo.aph.gov.au/parlInfo/download/chamber/hansardr/2007-05-23/toc_unixml/5466-3.xml;fileType=text%2Fxml
2007-05-24.xml,https://parlinfo.aph.gov.au/parlInfo/download/chamber/hansardr/2007-05-24/toc_unixml/5467-2.xml;fileType=text%2Fxml
2007-05-28.xml,https://parlinfo.aph.gov.au/parlInfo/download/chamber/hansardr/2007-05-28/toc_unixml/5470-5.xml;fileType=text%2Fxml
2007-05-29.xml,https://parlinfo.aph.gov.au/parlInfo/download/chamber/hansardr/2007-05-29/toc_unixml/5472-3.xml;fileType=text%2Fxml
2007-05-30.xml,https://parlinfo.aph.gov.au/parlInfo/download/chamber/hansardr/2007-05-30/toc_unixml/5475-3.xml;fileType=text%2Fxml
2007-05-31.xml,https://parlinfo.aph.gov.au/parlInfo/download/chamber/hansardr/2007-05-31/toc_unixml/5476-4.xml;fileType=text%2Fxml
2007-06-12.xml,https://parlinfo.aph.gov.au/parlInfo/download/chamber/hansardr/2007-06-12/toc_unixml/5487-2.xml;fileType=text%2Fxml
2007-06-13.xml,https://parlinfo.aph.gov.au/parlInfo/download/chamber/hansardr/2007-06-13/toc_unixml/5492-3.xml;fileType=text%2Fxml
2007-06-14.xml,https://parlinfo.aph.gov.au/parlInfo/download/chamber/hansardr/2007-06-14/toc_unixml/5495-3.xml;fileType=text%2Fxml
2007-06-18.xml,https://parlinfo.aph.gov.au/parlInfo/download/chamber/hansardr/2007-06-18/toc_unixml/5504-6.xml;fileType=text%2Fxml
2007-06-19.xml,https://parlinfo.aph.gov.au/parlInfo/download/chamber/hansardr/2007-06-19/toc_unixml/5511-3.xml;fileType=text%2Fxml
2007-06-20.xml,https://parlinfo.aph.gov.au/parlInfo/download/chamber/hansardr/2007-06-20/toc_unixml/5517-2.xml;fileType=text%2Fxml
2007-06-21.xml,https://parlinfo.aph.gov.au/parlInfo/download/chamber/hansardr/2007-06-21/toc_unixml/5522-6.xml;fileType=text%2Fxml
2007-08-07.xml,https://parlinfo.aph.gov.au/parlInfo/download/chamber/hansardr/2007-08-07/toc_unixml/5592-7.xml;fileType=text%2Fxml
2007-08-08.xml,https://parlinfo.aph.gov.au/parlInfo/download/chamber/hansardr/2007-08-08/toc_unixml/5599-9.xml;fileType=text%2Fxml
2007-08-09.xml,https://parlinfo.aph.gov.au/parlInfo/download/chamber/hansardr/2007-08-09/toc_unixml/5600-3.xml;fileType=text%2Fxml
2007-08-13.xml,https://parlinfo.aph.gov.au/parlInfo/download/chamber/hansardr/2007-08-13/toc_unixml/5607-2.xml;fileType=text%2Fxml
2007-08-14.xml,https://parlinfo.aph.gov.au/parlInfo/download/chamber/hansardr/2007-08-14/toc_unixml/5610-3.xml;fileType=text%2Fxml
2007-08-15.xml,https://parlinfo.aph.gov.au/parlInfo/download/chamber/hansardr/2007-08-15/toc_unixml/5613-4.xml;fileType=text%2Fxml
2007-08-16.xml,https://parlinfo.aph.gov.au/parlInfo/download/chamber/hansardr/2007-08-16/toc_unixml/5617-5.xml;fileType=text%2Fxml
2007-09-11.xml,https://parlinfo.aph.gov.au/parlInfo/download/chamber/hansardr/2007-09-11/toc_unixml/5649-4.xml;fileType=text%2Fxml
2007-09-12.xml,https://parlinfo.aph.gov.au/parlInfo/download/chamber/hansardr/2007-09-12/toc_unixml/5653-7.xml;fileType=text%2Fxml
2007-09-13.xml,https://parlinfo.aph.gov.au/parlInfo/download/chamber/hansardr/2007-09-13/toc_unixml/5656-7.xml;fileType=text%2Fxml
2007-09-17.xml,https://parlinfo.aph.gov.au/parlInfo/download/chamber/hansardr/2007-09-17/toc_unixml/5663-4.xml;fileType=text%2Fxml
2007-09-18.xml,https://parlinfo.aph.gov.au/parlInfo/download/chamber/hansardr/2007-09-18/toc_unixml/5669-5.xml;fileType=text%2Fxml
2007-09-19.xml,https://parlinfo.aph.gov.au/parlInfo/download/chamber/hansardr/2007-09-19/toc_unixml/5671-4.xml;fileType=text%2Fxml
2007-09-20.xml,https://parlinfo.aph.gov.au/parlInfo/download/chamber/hansardr/2007-09-20/toc_unixml/5673-6.xml;fileType=text%2Fxml
2008-02-12.xml,https://parlinfo.aph.gov.au/parlInfo/download/chamber/hansardr/2008-02-12/toc_unixml/5691-6.xml;fileType=text%2Fxml
2008-02-13.xml,https://parlinfo.aph.gov.au/parlInfo/download/chamber/hansardr/2008-02-13/toc_unixml/5694-14.xml;fileType=text%2Fxml
2008-02-14.xml,https://parlinfo.aph.gov.au/parlInfo/download/chamber/hansardr/2008-02-14/toc_unixml/5696-8.xml;fileType=text%2Fxml
2008-02-18.xml,https://parlinfo.aph.gov.au/parlInfo/download/chamber/hansardr/2008-02-18/toc_unixml/5706-5.xml;fileType=text%2Fxml
2008-02-19.xml,https://parlinfo.aph.gov.au/parlInfo/download/chamber/hansardr/2008-02-19/toc_unixml/5715-6.xml;fileType=text%2Fxml
2008-02-20.xml,https://parlinfo.aph.gov.au/parlInfo/download/chamber/hansardr/2008-02-20/toc_unixml/5716-4.xml;fileType=text%2Fxml
2008-02-21.xml,https://parlinfo.aph.gov.au/parlInfo/download/chamber/hansardr/2008-02-21/toc_unixml/5717-4.xml;fileType=text%2Fxml
2008-02-22.xml,https://parlinfo.aph.gov.au/parlInfo/download/chamber/hansardr/2008-02-22/toc_unixml/5718-4.xml;fileType=text%2Fxml
2008-03-11.xml,https://parlinfo.aph.gov.au/parlInfo/download/chamber/hansardr/2008-03-11/toc_unixml/5728-3.xml;fileType=text%2Fxml
2008-03-12.xml,https://parlinfo.aph.gov.au/parlInfo/download/chamber/hansardr/2008-03-12/toc_unixml/5733-7.xml;fileType=text%2Fxml
2008-03-13.xml,https://parlinfo.aph.gov.au/parlInfo/download/chamber/hansardr/2008-03-13/toc_unixml/5735-6.xml;fileType=text%2Fxml
2008-03-17.xml,https://parlinfo.aph.gov.au/parlInfo/download/chamber/hansardr/2008-03-17/toc_unixml/5737-3.xml;fileType=text%2Fxml
2008-03-18.xml,https://parlinfo.aph.gov.au/parlInfo/download/chamber/hansardr/2008-03-18/toc_unixml/5739-4.xml;fileType=text%2Fxml
2008-03-19.xml,https://parlinfo.aph.gov.au/parlInfo/download/chamber/hansardr/2008-03-19/toc_unixml/5741-4.xml;fileType=text%2Fxml
2008-03-20.xml,https://parlinfo.aph.gov.au/parlInfo/download/chamber/hansardr/2008-03-20/toc_unixml/5743-4.xml;fileType=text%2Fxml
2008-05-13.xml,https://parlinfo.aph.gov.au/parlInfo/download/chamber/hansardr/2008-05-13/toc_unixml/5824-5.xml;fileType=text%2Fxml
2008-05-14.xml,https://parlinfo.aph.gov.au/parlInfo/download/chamber/hansardr/2008-05-14/toc_unixml/5831-4.xml;fileType=text%2Fxml
2008-05-15.xml,https://parlinfo.aph.gov.au/parlInfo/download/chamber/hansardr/2008-05-15/toc_unixml/5833-4.xml;fileType=text%2Fxml
2008-05-26.xml,https://parlinfo.aph.gov.au/parlInfo/download/chamber/hansardr/2008-05-26/toc_unixml/5857-3.xml;fileType=text%2Fxml
2008-05-27.xml,https://parlinfo.aph.gov.au/parlInfo/download/chamber/hansardr/2008-05-27/toc_unixml/5870-5.xml;fileType=text%2Fxml
2008-05-28.xml,https://parlinfo.aph.gov.au/parlInfo/download/chamber/hansardr/2008-05-28/toc_unixml/5871-5.xml;fileType=text%2Fxml
2008-05-29.xml,https://parlinfo.aph.gov.au/parlInfo/download/chamber/hansardr/2008-05-29/toc_unixml/5872-5.xml;fileType=text%2Fxml
2008-06-02.xml,https://parlinfo.aph.gov.au/parlInfo/download/chamber/hansardr/2008-06-02/toc_unixml/5881-3.xml;fileType=text%2Fxml
2008-06-03.xml,https://parlinfo.aph.gov.au/parlInfo/download/chamber/hansardr/2008-06-03/toc_unixml/5892-3.xml;fileType=text%2Fxml
2008-06-04.xml,https://parlinfo.aph.gov.au/parlInfo/download/chamber/hansardr/2008-06-04/toc_unixml/5895-10.xml;fileType=text%2Fxml
2008-06-05.xml,https://parlinfo.aph.gov.au/parlInfo/download/chamber/hansardr/2008-06-05/toc_unixml/5896-2.xml;fileType=text%2Fxml
2008-06-16.xml,https://parlinfo.aph.gov.au/parlInfo/download/chamber/hansardr/2008-06-16/toc_unixml/5903-4.xml;fileType=text%2Fxml
2008-06-17.xml,https://parlinfo.aph.gov.au/parlInfo/download/chamber/hansardr/2008-06-17/toc_unixml/5907-4.xml;fileType=text%2Fxml
2008-06-18.xml,https://parlinfo.aph.gov.au/parlInfo/download/chamber/hansardr/2008-06-18/toc_unixml/5912-4.xml;fileType=text%2Fxml
2008-06-19.xml,https://parlinfo.aph.gov.au/parlInfo/download/chamber/hansardr/2008-06-19/toc_unixml/5915-3.xml;fileType=text%2Fxml
2008-06-23.xml,https://parlinfo.aph.gov.au/parlInfo/download/chamber/hansardr/2008-06-23/toc_unixml/5926-7.xml;fileType=text%2Fxml
2008-06-24.xml,https://parlinfo.aph.gov.au/parlInfo/download/chamber/hansardr/2008-06-24/toc_unixml/5932-5.xml;fileType=text%2Fxml
2008-06-25.xml,https://parlinfo.aph.gov.au/parlInfo/download/chamber/hansardr/2008-06-25/toc_unixml/5941-3.xml;fileType=text%2Fxml
2008-06-26.xml,https://parlinfo.aph.gov.au/parlInfo/download/chamber/hansardr/2008-06-26/toc_unixml/5944-5.xml;fileType=text%2Fxml
2008-08-26.xml,https://parlinfo.aph.gov.au/parlInfo/download/chamber/hansardr/2008-08-26/toc_unixml/6079-5.xml;fileType=text%2Fxml
2008-08-27.xml,https://parlinfo.aph.gov.au/parlInfo/download/chamber/hansardr/2008-08-27/toc_unixml/6092-4.xml;fileType=text%2Fxml
2008-08-28.xml,https://parlinfo.aph.gov.au/parlInfo/download/chamber/hansardr/2008-08-28/toc_unixml/6094-5.xml;fileType=text%2Fxml
2008-09-01.xml,https://parlinfo.aph.gov.au/parlInfo/download/chamber/hansardr/2008-09-01/toc_unixml/6099-4.xml;fileType=text%2Fxml
2008-09-02.xml,https://parlinfo.aph.gov.au/parlInfo/download/chamber/hansardr/2008-09-02/toc_unixml/6104-3.xml;fileType=text%2Fxml
2008-09-03.xml,https://parlinfo.aph.gov.au/parlInfo/download/chamber/hansardr/2008-09-03/toc_unixml/6108-4.xml;fileType=text%2Fxml
2008-09-04.xml,https://parlinfo.aph.gov.au/parlInfo/download/chamber/hansardr/2008-09-04/toc_unixml/6112-4.xml;fileType=text%2Fxml
2008-09-15.xml,https://parlinfo.aph.gov.au/parlInfo/download/chamber/hansardr/2008-09-15/toc_unixml/6136-3.xml;fileType=text%2Fxml
2008-09-16.xml,https://parlinfo.aph.gov.au/parlInfo/download/chamber/hansardr/2008-09-16/toc_unixml/6148-5.xml;fileType=text%2Fxml
2008-09-17.xml,https://parlinfo.aph.gov.au/parlInfo/download/chamber/hansardr/2008-09-17/toc_unixml/6151-4.xml;fileType=text%2Fxml
2008-09-18.xml,https://parlinfo.aph.gov.au/parlInfo/download/chamber/hansardr/2008-09-18/toc_unixml/6156-4.xml;fileType=text%2Fxml
2008-09-22.xml,https://parlinfo.aph.gov.au/parlInfo/download/chamber/hansardr/2008-09-22/toc_unixml/6173-3.xml;fileType=text%2Fxml
2008-09-23.xml,https://parlinfo.aph.gov.au/parlInfo/download/chamber/hansardr/2008-09-23/toc_unixml/6186-7.xml;fileType=text%2Fxml
2008-09-24.xml,https://parlinfo.aph.gov.au/parlInfo/download/chamber/hansardr/2008-09-24/toc_unixml/6193-3.xml;fileType=text%2Fxml
2008-09-25.xml,https://parlinfo.aph.gov.au/parlInfo/download/chamber/hansardr/2008-09-25/toc_unixml/6197-2.xml;fileType=text%2Fxml
2008-10-13.xml,https://parlinfo.aph.gov.au/parlInfo/download/chamber/hansardr/2008-10-13/toc_unixml/6246-4.xml;fileType=text%2Fxml
2008-10-14.xml,https://parlinfo.aph.gov.au/parlInfo/download/chamber/hansardr/2008-10-14/toc_unixml/6251-4.xml;fileType=text%2Fxml
2008-10-15.xml,https://parlinfo.aph.gov.au/parlInfo/download/chamber/hansardr/2008-10-15/toc_unixml/6255-3.xml;fileType=text%2Fxml
2008-10-16.xml,https://parlinfo.aph.gov.au/parlInfo/download/chamber/hansardr/2008-10-16/toc_unixml/6260-3.xml;fileType=text%2Fxml
2008-10-20.xml,https://parlinfo.aph.gov.au/parlInfo/download/chamber/hansardr/2008-10-20/toc_unixml/6284-3.xml;fileType=text%2Fxml
2008-10-21.xml,https://parlinfo.aph.gov.au/parlInfo/download/chamber/hansardr/2008-10-21/toc_unixml/6297-4.xml;fileType=text%2Fxml
2008-10-22.xml,https://parlinfo.aph.gov.au/parlInfo/download/chamber/hansardr/2008-10-22/toc_unixml/6304-4.xml;fileType=text%2Fxml
2008-10-23.xml,https://parlinfo.aph.gov.au/parlInfo/download/chamber/hansardr/2008-10-23/toc_unixml/6308-1.xml;fileType=text%2Fxml
2008-11-10.xml,https://parlinfo.aph.gov.au/parlInfo/download/chamber/hansardr/2008-11-10/toc_unixml/6343-14.xml;fileType=text%2Fxml
2008-11-11.xml,https://parlinfo.aph.gov.au/parlInfo/download/chamber/hansardr/2008-11-11/toc_unixml/6356-3.xml;fileType=text%2Fxml
2008-11-12.xml,https://parlinfo.aph.gov.au/parlInfo/download/chamber/hansardr/2008-11-12/toc_unixml/6358-6.xml;fileType=text%2Fxml
2008-11-13.xml,https://parlinfo.aph.gov.au/parlInfo/download/chamber/hansardr/2008-11-13/toc_unixml/6365-3.xml;fileType=text%2Fxml
2008-11-24.xml,https://parlinfo.aph.gov.au/parlInfo/download/chamber/hansardr/2008-11-24/toc_unixml/6400-4.xml;fileType=text%2Fxml
2008-11-25.xml,https://parlinfo.aph.gov.au/parlInfo/download/chamber/hansardr/2008-11-25/toc_unixml/6406-4.xml;fileType=text%2Fxml
2008-11-26.xml,https://parlinfo.aph.gov.au/parlInfo/download/chamber/hansardr/2008-11-26/toc_unixml/6415-6.xml;fileType=text%2Fxml
2008-11-27.xml,https://parlinfo.aph.gov.au/parlInfo/download/chamber/hansardr/2008-11-27/toc_unixml/6417-4.xml;fileType=text%2Fxml
2008-12-01.xml,https://parlinfo.aph.gov.au/parlInfo/download/chamber/hansardr/2008-12-01/toc_unixml/6434-4.xml;fileType=text%2Fxml
2008-12-02.xml,https://parlinfo.aph.gov.au/parlInfo/download/chamber/hansardr/2008-12-02/toc_unixml/6442-5.xml;fileType=text%2Fxml
2008-12-03.xml,https://parlinfo.aph.gov.au/parlInfo/download/chamber/hansardr/2008-12-03/toc_unixml/6444-7.xml;fileType=text%2Fxml
2008-12-04.xml,https://parlinfo.aph.gov.au/parlInfo/download/chamber/hansardr/2008-12-04/toc_unixml/6447-5.xml;fileType=text%2Fxml
2009-02-03.xml,https://parlinfo.aph.gov.au/parlInfo/download/chamber/hansardr/2009-02-03/toc_unixml/6482-3.xml;fileType=text%2Fxml
2009-02-04.xml,https://parlinfo.aph.gov.au/parlInfo/download/chamber/hansardr/2009-02-04/toc_unixml/6489-9.xml;fileType=text%2Fxml
2009-02-05.xml,https://parlinfo.aph.gov.au/parlInfo/download/chamber/hansardr/2009-02-05/toc_unixml/6492-2.xml;fileType=text%2Fxml
2009-02-09.xml,https://parlinfo.aph.gov.au/parlInfo/download/chamber/hansardr/2009-02-09/toc_unixml/6503-3.xml;fileType=text%2Fxml
2009-02-10.xml,https://parlinfo.aph.gov.au/parlInfo/download/chamber/hansardr/2009-02-10/toc_unixml/6512-3.xml;fileType=text%2Fxml
2009-02-11.xml,https://parlinfo.aph.gov.au/parlInfo/download/chamber/hansardr/2009-02-11/toc_unixml/6514-8.xml;fileType=text%2Fxml
2009-02-12.xml,https://parlinfo.aph.gov.au/parlInfo/download/chamber/hansardr/2009-02-12/toc_unixml/6516-5.xml;fileType=text%2Fxml
2009-02-23.xml,https://parlinfo.aph.gov.au/parlInfo/download/chamber/hansardr/2009-02-23/toc_unixml/6542-7.xml;fileType=text%2Fxml
2009-02-24.xml,https://parlinfo.aph.gov.au/parlInfo/download/chamber/hansardr/2009-02-24/toc_unixml/6549-4.xml;fileType=text%2Fxml
2009-02-25.xml,https://parlinfo.aph.gov.au/parlInfo/download/chamber/hansardr/2009-02-25/toc_unixml/6551-3.xml;fileType=text%2Fxml
2009-02-26.xml,https://parlinfo.aph.gov.au/parlInfo/download/chamber/hansardr/2009-02-26/toc_unixml/6555-5.xml;fileType=text%2Fxml
2009-03-10.xml,https://parlinfo.aph.gov.au/parlInfo/download/chamber/hansardr/2009-03-10/toc_unixml/6575-3.xml;fileType=text%2Fxml
2009-03-11.xml,https://parlinfo.aph.gov.au/parlInfo/download/chamber/hansardr/2009-03-11/toc_unixml/6579-4.xml;fileType=text%2Fxml
2009-03-12.xml,https://parlinfo.aph.gov.au/parlInfo/download/chamber/hansardr/2009-03-12/toc_unixml/6583-5.xml;fileType=text%2Fxml
2009-03-16.xml,https://parlinfo.aph.gov.au/parlInfo/download/chamber/hansardr/2009-03-16/toc_unixml/6593-3.xml;fileType=text%2Fxml
2009-03-17.xml,https://parlinfo.aph.gov.au/parlInfo/download/chamber/hansardr/2009-03-17/toc_unixml/6602-3.xml;fileType=text%2Fxml
2009-03-18.xml,https://parlinfo.aph.gov.au/parlInfo/download/chamber/hansardr/2009-03-18/toc_unixml/6609-5.xml;fileType=text%2Fxml
2009-03-19.xml,https://parlinfo.aph.gov.au/parlInfo/download/chamber/hansardr/2009-03-19/toc_unixml/6618-6.xml;fileType=text%2Fxml
2009-05-12.xml,https://parlinfo.aph.gov.au/parlInfo/download/chamber/hansardr/2009-05-12/toc_unixml/6778-8.xml;fileType=text%2Fxml
2009-05-13.xml,https://parlinfo.aph.gov.au/parlInfo/download/chamber/hansardr/2009-05-13/toc_unixml/6791-4.xml;fileType=text%2Fxml
2009-05-14.xml,https://parlinfo.aph.gov.au/parlInfo/download/chamber/hansardr/2009-05-14/toc_unixml/6794-3.xml;fileType=text%2Fxml
2009-05-25.xml,https://parlinfo.aph.gov.au/parlInfo/download/chamber/hansardr/2009-05-25/toc_unixml/6809-5.xml;fileType=text%2Fxml
2009-05-26.xml,https://parlinfo.aph.gov.au/parlInfo/download/chamber/hansardr/2009-05-26/toc_unixml/6818-4.xml;fileType=text%2Fxml
2009-05-27.xml,https://parlinfo.aph.gov.au/parlInfo/download/chamber/hansardr/2009-05-27/toc_unixml/6835-5.xml;fileType=text%2Fxml
2009-05-28.xml,https://parlinfo.aph.gov.au/parlInfo/download/chamber/hansardr/2009-05-28/toc_unixml/6842-2.xml;fileType=text%2Fxml
2009-06-01.xml,https://parlinfo.aph.gov.au/parlInfo/download/chamber/hansardr/2009-06-01/toc_unixml/6855-4.xml;fileType=text%2Fxml
2009-06-02.xml,https://parlinfo.aph.gov.au/parlInfo/download/chamber/hansardr/2009-06-02/toc_unixml/6856-4.xml;fileType=text%2Fxml
2009-06-03.xml,https://parlinfo.aph.gov.au/parlInfo/download/chamber/hansardr/2009-06-03/toc_unixml/6859-3.xml;fileType=text%2Fxml
2009-06-04.xml,https://parlinfo.aph.gov.au/parlInfo/download/chamber/hansardr/2009-06-04/toc_unixml/6862-3.xml;fileType=text%2Fxml
2009-06-15.xml,https://parlinfo.aph.gov.au/parlInfo/download/chamber/hansardr/2009-06-15/toc_unixml/6883-4.xml;fileType=text%2Fxml
2009-06-16.xml,https://parlinfo.aph.gov.au/parlInfo/download/chamber/hansardr/2009-06-16/toc_unixml/6887-4.xml;fileType=text%2Fxml
2009-06-17.xml,https://parlinfo.aph.gov.au/parlInfo/download/chamber/hansardr/2009-06-17/toc_unixml/6890m.xml;fileType=text%2Fxml
2009-06-18.xml,https://parlinfo.aph.gov.au/parlInfo/download/chamber/hansardr/2009-06-18/toc_unixml/6892-7.xml;fileType=text%2Fxml
2009-06-22.xml,https://parlinfo.aph.gov.au/parlInfo/download/chamber/hansardr/2009-06-22/toc_unixml/6903-3.xml;fileType=text%2Fxml
2009-06-23.xml,https://parlinfo.aph.gov.au/parlInfo/download/chamber/hansardr/2009-06-23/toc_unixml/6914-4.xml;fileType=text%2Fxml
2009-06-24.xml,https://parlinfo.aph.gov.au/parlInfo/download/chamber/hansardr/2009-06-24/toc_unixml/6915-3.xml;fileType=text%2Fxml
2009-06-25.xml,https://parlinfo.aph.gov.au/parlInfo/download/chamber/hansardr/2009-06-25/toc_unixml/6919-4.xml;fileType=text%2Fxml
2009-08-11.xml,https://parlinfo.aph.gov.au/parlInfo/download/chamber/hansardr/2009-08-11/toc_unixml/7007-6.xml;fileType=text%2Fxml
2009-08-12.xml,https://parlinfo.aph.gov.au/parlInfo/download/chamber/hansardr/2009-08-12/toc_unixml/7013-1.xml;fileType=text%2Fxml
2009-08-13.xml,https://parlinfo.aph.gov.au/parlInfo/download/chamber/hansardr/2009-08-13/toc_unixml/7017-6.xml;fileType=text%2Fxml
2009-08-17.xml,https://parlinfo.aph.gov.au/parlInfo/download/chamber/hansardr/2009-08-17/toc_unixml/7030-3.xml;fileType=text%2Fxml
2009-08-18.xml,https://parlinfo.aph.gov.au/parlInfo/download/chamber/hansardr/2009-08-18/toc_unixml/7035-3.xml;fileType=text%2Fxml
2009-08-19.xml,https://parlinfo.aph.gov.au/parlInfo/download/chamber/hansardr/2009-08-19/toc_unixml/7038-3.xml;fileType=text%2Fxml
2009-08-20.xml,https://parlinfo.aph.gov.au/parlInfo/download/chamber/hansardr/2009-08-20/toc_unixml/7041-3.xml;fileType=text%2Fxml
2009-09-07.xml,https://parlinfo.aph.gov.au/parlInfo/download/chamber/hansardr/2009-09-07/toc_unixml/7087-4.xml;fileType=text%2Fxml
2009-09-08.xml,https://parlinfo.aph.gov.au/parlInfo/download/chamber/hansardr/2009-09-08/toc_unixml/7090-3.xml;fileType=text%2Fxml
2009-09-09.xml,https://parlinfo.aph.gov.au/parlInfo/download/chamber/hansardr/2009-09-09/toc_unixml/7094-4.xml;fileType=text%2Fxml
2009-09-10.xml,https://parlinfo.aph.gov.au/parlInfo/download/chamber/hansardr/2009-09-10/toc_unixml/7098-5.xml;fileType=text%2Fxml
2009-09-14.xml,https://parlinfo.aph.gov.au/parlInfo/download/chamber/hansardr/2009-09-14/toc_unixml/7107-5.xml;fileType=text%2Fxml
2009-09-15.xml,https://parlinfo.aph.gov.au/parlInfo/download/chamber/hansardr/2009-09-15/toc_unixml/7115-4.xml;fileType=text%2Fxml
2009-09-16.xml,https://parlinfo.aph.gov.au/parlInfo/download/chamber/hansardr/2009-09-16/toc_unixml/7119-5.xml;fileType=text%2Fxml
2009-09-17.xml,https://parlinfo.aph.gov.au/parlInfo/download/chamber/hansardr/2009-09-17/toc_unixml/7121-4.xml;fileType=text%2Fxml
2009-10-19.xml,https://parlinfo.aph.gov.au/parlInfo/download/chamber/hansardr/2009-10-19/toc_unixml/7203-4.xml;fileType=text%2Fxml
2009-10-20.xml,https://parlinfo.aph.gov.au/parlInfo/download/chamber/hansardr/2009-10-20/toc_unixml/7204-4.xml;fileType=text%2Fxml
2009-10-21.xml,https://parlinfo.aph.gov.au/parlInfo/download/chamber/hansardr/2009-10-21/toc_unixml/7207-4.xml;fileType=text%2Fxml
2009-10-22.xml,https://parlinfo.aph.gov.au/parlInfo/download/chamber/hansardr/2009-10-22/toc_unixml/7209-3.xml;fileType=text%2Fxml
2009-10-26.xml,https://parlinfo.aph.gov.au/parlInfo/download/chamber/hansardr/2009-10-26/toc_unixml/7214-7.xml;fileType=text%2Fxml
2009-10-27.xml,https://parlinfo.aph.gov.au/parlInfo/download/chamber/hansardr/2009-10-27/toc_unixml/7217-3.xml;fileType=text%2Fxml
2009-10-28.xml,https://parlinfo.aph.gov.au/parlInfo/download/chamber/hansardr/2009-10-28/toc_unixml/7224-5.xml;fileType=text%2Fxml
2009-10-29.xml,https://parlinfo.aph.gov.au/parlInfo/download/chamber/hansardr/2009-10-29/toc_unixml/7229-4.xml;fileType=text%2Fxml
2009-11-16.xml,https://parlinfo.aph.gov.au/parlInfo/download/chamber/hansardr/2009-11-16/toc_unixml/7274-5.xml;fileType=text%2Fxml
2009-11-17.xml,https://parlinfo.aph.gov.au/parlInfo/download/chamber/hansardr/2009-11-17/toc_unixml/7276-3.xml;fileType=text%2Fxml
2009-11-18.xml,https://parlinfo.aph.gov.au/parlInfo/download/chamber/hansardr/2009-11-18/toc_unixml/7280-3.xml;fileType=text%2Fxml
2009-11-19.xml,https://parlinfo.aph.gov.au/parlInfo/download/chamber/hansardr/2009-11-19/toc_unixml/7284-4.xml;fileType=text%2Fxml
2009-11-23.xml,https://parlinfo.aph.gov.au/parlInfo/download/chamber/hansardr/2009-11-23/toc_unixml/7297-5.xml;fileType=text%2Fxml
2009-11-24.xml,https://parlinfo.aph.gov.au/parlInfo/download/chamber/hansardr/2009-11-24/toc_unixml/7304-3.xml;fileType=text%2Fxml
2009-11-25.xml,https://parlinfo.aph.gov.au/parlInfo/download/chamber/hansardr/2009-11-25/toc_unixml/7307-3.xml;fileType=text%2Fxml
2009-11-26.xml,https://parlinfo.aph.gov.au/parlInfo/download/chamber/hansardr/2009-11-26/toc_unixml/7310-15.xml;fileType=text%2Fxml