"word_count","fedchamb_flag","date"
23868,"Federation Chamber",2022-09-08
58164,"House of Representatives",2022-09-08
58676,"Federation Chamber",2022-09-07
96168,"House of Representatives",2022-09-07
28012,"Federation Chamber",2022-09-06
64989,"House of Representatives",2022-09-06
56377,"Federation Chamber",2022-09-05
81511,"House of Representatives",2022-09-05
5078,"Federation Chamber",2022-08-04
48441,"House of Representatives",2022-08-04
18069,"Federation Chamber",2022-08-03
104506,"House of Representatives",2022-08-03
22521,"Federation Chamber",2022-08-02
77127,"House of Representatives",2022-08-02
54640,"Federation Chamber",2022-08-01
86044,"House of Representatives",2022-08-01
0,"Federation Chamber",2022-07-28
66761,"House of Representatives",2022-07-28
0,"Federation Chamber",2022-07-27
89049,"House of Representatives",2022-07-27
0,"Federation Chamber",2022-07-26
47755,"House of Representatives",2022-07-26
22869,"Federation Chamber",2021-12-02
62859,"House of Representatives",2021-12-02
4667,"Federation Chamber",2021-12-01
87020,"House of Representatives",2021-12-01
25505,"Federation Chamber",2021-11-30
75798,"House of Representatives",2021-11-30
57649,"Federation Chamber",2021-11-29
96867,"House of Representatives",2021-11-29
20388,"Federation Chamber",2021-11-25
57799,"House of Representatives",2021-11-25
9265,"Federation Chamber",2021-11-24
108142,"House of Representatives",2021-11-24
16307,"Federation Chamber",2021-11-23
57976,"House of Representatives",2021-11-23
51263,"Federation Chamber",2021-11-22
90684,"House of Representatives",2021-11-22
22616,"Federation Chamber",2021-10-28
57428,"House of Representatives",2021-10-28
9302,"Federation Chamber",2021-10-27
90302,"House of Representatives",2021-10-27
23889,"Federation Chamber",2021-10-26
62110,"House of Representatives",2021-10-26
51522,"Federation Chamber",2021-10-25
81504,"House of Representatives",2021-10-25
13760,"Federation Chamber",2021-10-21
58083,"House of Representatives",2021-10-21
9743,"Federation Chamber",2021-10-20
85809,"House of Representatives",2021-10-20
22302,"Federation Chamber",2021-10-19
70266,"House of Representatives",2021-10-19
47374,"Federation Chamber",2021-10-18
87235,"House of Representatives",2021-10-18
0,"Federation Chamber",2021-09-02
68460,"House of Representatives",2021-09-02
0,"Federation Chamber",2021-09-01
88881,"House of Representatives",2021-09-01
0,"Federation Chamber",2021-08-31
67909,"House of Representatives",2021-08-31
0,"Federation Chamber",2021-08-30
81180,"House of Representatives",2021-08-30
0,"Federation Chamber",2021-08-26
60642,"House of Representatives",2021-08-26
0,"Federation Chamber",2021-08-25
87124,"House of Representatives",2021-08-25
0,"Federation Chamber",2021-08-24
72999,"House of Representatives",2021-08-24
0,"Federation Chamber",2021-08-23
82225,"House of Representatives",2021-08-23
0,"Federation Chamber",2021-08-12
63417,"House of Representatives",2021-08-12
0,"Federation Chamber",2021-08-11
85751,"House of Representatives",2021-08-11
0,"Federation Chamber",2021-08-10
63723,"House of Representatives",2021-08-10
0,"Federation Chamber",2021-08-09
86099,"House of Representatives",2021-08-09
0,"Federation Chamber",2021-08-05
60367,"House of Representatives",2021-08-05
0,"Federation Chamber",2021-08-04
89936,"House of Representatives",2021-08-04
0,"Federation Chamber",2021-08-03
70442,"House of Representatives",2021-08-03
21772,"Federation Chamber",2021-06-24
62075,"House of Representatives",2021-06-24
47120,"Federation Chamber",2021-06-23
92623,"House of Representatives",2021-06-23
25060,"Federation Chamber",2021-06-22
64952,"House of Representatives",2021-06-22
54271,"Federation Chamber",2021-06-21
82103,"House of Representatives",2021-06-21
22647,"Federation Chamber",2021-06-17
55977,"House of Representatives",2021-06-17
58473,"Federation Chamber",2021-06-16
87227,"House of Representatives",2021-06-16
26888,"Federation Chamber",2021-06-15
61131,"House of Representatives",2021-06-15
16423,"Federation Chamber",2021-06-03
53820,"House of Representatives",2021-06-03
53504,"Federation Chamber",2021-06-02
79266,"House of Representatives",2021-06-02
32045,"Federation Chamber",2021-06-01
61338,"House of Representatives",2021-06-01
28641,"Federation Chamber",2021-05-27
60426,"House of Representatives",2021-05-27
57270,"Federation Chamber",2021-05-26
85336,"House of Representatives",2021-05-26
35506,"Federation Chamber",2021-05-25
60118,"House of Representatives",2021-05-25
56319,"Federation Chamber",2021-05-24
84893,"House of Representatives",2021-05-24
21587,"Federation Chamber",2021-05-13
74761,"House of Representatives",2021-05-13
53158,"Federation Chamber",2021-05-12
87609,"House of Representatives",2021-05-12
0,"Federation Chamber",2021-05-11
25411,"House of Representatives",2021-05-11
25322,"Federation Chamber",2021-03-25
63427,"House of Representatives",2021-03-25
40673,"Federation Chamber",2021-03-24
89320,"House of Representatives",2021-03-24
22292,"Federation Chamber",2021-03-23
68497,"House of Representatives",2021-03-23
56979,"Federation Chamber",2021-03-22
81626,"House of Representatives",2021-03-22
19125,"Federation Chamber",2021-03-18
63323,"House of Representatives",2021-03-18
9258,"Federation Chamber",2021-03-17
87018,"House of Representatives",2021-03-17
20448,"Federation Chamber",2021-03-16
66925,"House of Representatives",2021-03-16
50696,"Federation Chamber",2021-03-15
75709,"House of Representatives",2021-03-15
13633,"Federation Chamber",2021-02-25
63497,"House of Representatives",2021-02-25
9751,"Federation Chamber",2021-02-24
85194,"House of Representatives",2021-02-24
13140,"Federation Chamber",2021-02-23
74269,"House of Representatives",2021-02-23
55199,"Federation Chamber",2021-02-22
87655,"House of Representatives",2021-02-22
18480,"Federation Chamber",2021-02-18
60731,"House of Representatives",2021-02-18
14160,"Federation Chamber",2021-02-17
88994,"House of Representatives",2021-02-17
21494,"Federation Chamber",2021-02-16
66520,"House of Representatives",2021-02-16
52333,"Federation Chamber",2021-02-15
77458,"House of Representatives",2021-02-15
15929,"Federation Chamber",2021-02-04
54164,"House of Representatives",2021-02-04
9049,"Federation Chamber",2021-02-03
89553,"House of Representatives",2021-02-03
13787,"Federation Chamber",2021-02-02
63081,"House of Representatives",2021-02-02
22642,"Federation Chamber",2020-12-10
73582,"House of Representatives",2020-12-10
44748,"Federation Chamber",2020-12-09
80856,"House of Representatives",2020-12-09
26715,"Federation Chamber",2020-12-08
63047,"House of Representatives",2020-12-08
51511,"Federation Chamber",2020-12-07
74388,"House of Representatives",2020-12-07
20521,"Federation Chamber",2020-12-03
60233,"House of Representatives",2020-12-03
13764,"Federation Chamber",2020-12-02
87914,"House of Representatives",2020-12-02
26803,"Federation Chamber",2020-12-01
64155,"House of Representatives",2020-12-01
57570,"Federation Chamber",2020-11-30
79911,"House of Representatives",2020-11-30
26214,"Federation Chamber",2020-11-12
60690,"House of Representatives",2020-11-12
40525,"Federation Chamber",2020-11-11
69885,"House of Representatives",2020-11-11
40464,"Federation Chamber",2020-11-10
66336,"House of Representatives",2020-11-10
57573,"Federation Chamber",2020-11-09
85355,"House of Representatives",2020-11-09
13891,"Federation Chamber",2020-10-29
57531,"House of Representatives",2020-10-29
67162,"Federation Chamber",2020-10-28
92674,"House of Representatives",2020-10-28
29108,"Federation Chamber",2020-10-27
65031,"House of Representatives",2020-10-27
43409,"Federation Chamber",2020-10-26
69795,"House of Representatives",2020-10-26
25394,"Federation Chamber",2020-10-22
64633,"House of Representatives",2020-10-22
59032,"Federation Chamber",2020-10-21
88262,"House of Representatives",2020-10-21
20252,"Federation Chamber",2020-10-20
64810,"House of Representatives",2020-10-20
46549,"Federation Chamber",2020-10-19
85691,"House of Representatives",2020-10-19
24187,"Federation Chamber",2020-10-08
72948,"House of Representatives",2020-10-08
28252,"Federation Chamber",2020-10-07
97653,"House of Representatives",2020-10-07
0,"Federation Chamber",2020-10-06
55683,"House of Representatives",2020-10-06
14987,"Federation Chamber",2020-09-03
52016,"House of Representatives",2020-09-03
10193,"Federation Chamber",2020-09-02
74036,"House of Representatives",2020-09-02
18622,"Federation Chamber",2020-09-01
60847,"House of Representatives",2020-09-01
45304,"Federation Chamber",2020-08-31
74473,"House of Representatives",2020-08-31
13661,"Federation Chamber",2020-08-27
60114,"House of Representatives",2020-08-27
4543,"Federation Chamber",2020-08-26
91726,"House of Representatives",2020-08-26
24008,"Federation Chamber",2020-08-25
62058,"House of Representatives",2020-08-25
57158,"Federation Chamber",2020-08-24
85762,"House of Representatives",2020-08-24
17936,"Federation Chamber",2020-06-18
55405,"House of Representatives",2020-06-18
9615,"Federation Chamber",2020-06-17
75212,"House of Representatives",2020-06-17
18061,"Federation Chamber",2020-06-16
59658,"House of Representatives",2020-06-16
54368,"Federation Chamber",2020-06-15
82847,"House of Representatives",2020-06-15
20480,"Federation Chamber",2020-06-12
60787,"House of Representatives",2020-06-12
21004,"Federation Chamber",2020-06-11
86870,"House of Representatives",2020-06-11
53182,"Federation Chamber",2020-06-10
88349,"House of Representatives",2020-06-10
24296,"Federation Chamber",2020-05-14
63865,"House of Representatives",2020-05-14
21354,"Federation Chamber",2020-05-13
87124,"House of Representatives",2020-05-13
0,"Federation Chamber",2020-05-12
85222,"House of Representatives",2020-05-12
0,"Federation Chamber",2020-04-08
51643,"House of Representatives",2020-04-08
0,"Federation Chamber",2020-03-23
76728,"House of Representatives",2020-03-23
6978,"Federation Chamber",2020-03-05
56298,"House of Representatives",2020-03-05
5998,"Federation Chamber",2020-03-04
81594,"House of Representatives",2020-03-04
19002,"Federation Chamber",2020-03-03
63739,"House of Representatives",2020-03-03
52287,"Federation Chamber",2020-03-02
88118,"House of Representatives",2020-03-02
1479,"Federation Chamber",2020-02-27
53032,"House of Representatives",2020-02-27
15690,"Federation Chamber",2020-02-26
77483,"House of Representatives",2020-02-26
27855,"Federation Chamber",2020-02-25
67332,"House of Representatives",2020-02-25
55294,"Federation Chamber",2020-02-24
82734,"House of Representatives",2020-02-24
25554,"Federation Chamber",2020-02-13
61707,"House of Representatives",2020-02-13
26381,"Federation Chamber",2020-02-12
81643,"House of Representatives",2020-02-12
23903,"Federation Chamber",2020-02-11
60059,"House of Representatives",2020-02-11
22816,"Federation Chamber",2020-02-10
48656,"House of Representatives",2020-02-10
28010,"Federation Chamber",2020-02-06
54602,"House of Representatives",2020-02-06
56588,"Federation Chamber",2020-02-05
80355,"House of Representatives",2020-02-05
0,"Federation Chamber",2020-02-04
87898,"House of Representatives",2020-02-04
9091,"Federation Chamber",2019-12-05
61246,"House of Representatives",2019-12-05
3318,"Federation Chamber",2019-12-04
58125,"House of Representatives",2019-12-04
17523,"Federation Chamber",2019-12-03
63404,"House of Representatives",2019-12-03
54850,"Federation Chamber",2019-12-02
81734,"House of Representatives",2019-12-02
13509,"Federation Chamber",2019-11-28
49226,"House of Representatives",2019-11-28
30418,"Federation Chamber",2019-11-27
159373,"House of Representatives",2019-11-27
10123,"Federation Chamber",2019-11-26
53056,"House of Representatives",2019-11-26
49105,"Federation Chamber",2019-11-25
109816,"House of Representatives",2019-11-25
22540,"Federation Chamber",2019-10-24
55772,"House of Representatives",2019-10-24
48471,"Federation Chamber",2019-10-23
87645,"House of Representatives",2019-10-23
31000,"Federation Chamber",2019-10-22
67456,"House of Representatives",2019-10-22
49465,"Federation Chamber",2019-10-21
82743,"House of Representatives",2019-10-21
22848,"Federation Chamber",2019-10-17
59337,"House of Representatives",2019-10-17
49743,"Federation Chamber",2019-10-16
84639,"House of Representatives",2019-10-16
23189,"Federation Chamber",2019-10-15
62559,"House of Representatives",2019-10-15
58277,"Federation Chamber",2019-10-14
99157,"House of Representatives",2019-10-14
25122,"Federation Chamber",2019-09-19
61608,"House of Representatives",2019-09-19
56294,"Federation Chamber",2019-09-18
87223,"House of Representatives",2019-09-18
30124,"Federation Chamber",2019-09-17
69270,"House of Representatives",2019-09-17
52489,"Federation Chamber",2019-09-16
79631,"House of Representatives",2019-09-16
24120,"Federation Chamber",2019-09-12
60328,"House of Representatives",2019-09-12
52658,"Federation Chamber",2019-09-11
99589,"House of Representatives",2019-09-11
22595,"Federation Chamber",2019-09-10
61584,"House of Representatives",2019-09-10
50667,"Federation Chamber",2019-09-09
96242,"House of Representatives",2019-09-09
25473,"Federation Chamber",2019-08-01
71298,"House of Representatives",2019-08-01
54713,"Federation Chamber",2019-07-31
88670,"House of Representatives",2019-07-31
13636,"Federation Chamber",2019-07-30
62591,"House of Representatives",2019-07-30
55736,"Federation Chamber",2019-07-29
83490,"House of Representatives",2019-07-29
13765,"Federation Chamber",2019-07-25
55143,"House of Representatives",2019-07-25
8676,"Federation Chamber",2019-07-24
79639,"House of Representatives",2019-07-24
15392,"Federation Chamber",2019-07-23
64799,"House of Representatives",2019-07-23
47133,"Federation Chamber",2019-07-22
85836,"House of Representatives",2019-07-22
0,"Federation Chamber",2019-07-04
74056,"House of Representatives",2019-07-04
0,"Federation Chamber",2019-07-03
82947,"House of Representatives",2019-07-03
0,"Federation Chamber",2019-07-02
36270,"House of Representatives",2019-07-02
18533,"Federation Chamber",2019-04-04
82465,"House of Representatives",2019-04-04
48986,"Federation Chamber",2019-04-03
89996,"House of Representatives",2019-04-03
0,"Federation Chamber",2019-04-02
67462,"House of Representatives",2019-04-02
11827,"Federation Chamber",2019-02-21
58739,"House of Representatives",2019-02-21
48855,"Federation Chamber",2019-02-20
88030,"House of Representatives",2019-02-20
31129,"Federation Chamber",2019-02-19
67358,"House of Representatives",2019-02-19
54436,"Federation Chamber",2019-02-18
87970,"House of Representatives",2019-02-18
17506,"Federation Chamber",2019-02-14
62250,"House of Representatives",2019-02-14
29827,"Federation Chamber",2019-02-13
90948,"House of Representatives",2019-02-13
13294,"Federation Chamber",2019-02-12
81822,"House of Representatives",2019-02-12
21060,"Federation Chamber",2018-12-06
80965,"House of Representatives",2018-12-06
29974,"Federation Chamber",2018-12-05
79148,"House of Representatives",2018-12-05
27522,"Federation Chamber",2018-12-04
67881,"House of Representatives",2018-12-04
51875,"Federation Chamber",2018-12-03
85011,"House of Representatives",2018-12-03
19110,"Federation Chamber",2018-11-29
65344,"House of Representatives",2018-11-29
19840,"Federation Chamber",2018-11-28
97788,"House of Representatives",2018-11-28
24197,"Federation Chamber",2018-11-27
67949,"House of Representatives",2018-11-27
45980,"Federation Chamber",2018-11-26
99670,"House of Representatives",2018-11-26
26196,"Federation Chamber",2018-10-25
68223,"House of Representatives",2018-10-25
46844,"Federation Chamber",2018-10-24
93826,"House of Representatives",2018-10-24
30418,"Federation Chamber",2018-10-23
69839,"House of Representatives",2018-10-23
27724,"Federation Chamber",2018-10-22
57134,"House of Representatives",2018-10-22
14972,"Federation Chamber",2018-10-18
63764,"House of Representatives",2018-10-18
9627,"Federation Chamber",2018-10-17
89711,"House of Representatives",2018-10-17
20946,"Federation Chamber",2018-10-16
68821,"House of Representatives",2018-10-16
49503,"Federation Chamber",2018-10-15
92813,"House of Representatives",2018-10-15
18649,"Federation Chamber",2018-09-20
62551,"House of Representatives",2018-09-20
11914,"Federation Chamber",2018-09-19
86298,"House of Representatives",2018-09-19
29777,"Federation Chamber",2018-09-18
68360,"House of Representatives",2018-09-18
50303,"Federation Chamber",2018-09-17
79244,"House of Representatives",2018-09-17
23192,"Federation Chamber",2018-09-13
64988,"House of Representatives",2018-09-13
14500,"Federation Chamber",2018-09-12
90303,"House of Representatives",2018-09-12
26301,"Federation Chamber",2018-09-11
62883,"House of Representatives",2018-09-11
40127,"Federation Chamber",2018-09-10
81383,"House of Representatives",2018-09-10
12133,"Federation Chamber",2018-08-23
17145,"House of Representatives",2018-08-23
18342,"Federation Chamber",2018-08-22
89733,"House of Representatives",2018-08-22
20256,"Federation Chamber",2018-08-21
69259,"House of Representatives",2018-08-21
45347,"Federation Chamber",2018-08-20
84821,"House of Representatives",2018-08-20
17922,"Federation Chamber",2018-08-16
64716,"House of Representatives",2018-08-16
9390,"Federation Chamber",2018-08-15
80357,"House of Representatives",2018-08-15
22897,"Federation Chamber",2018-08-14
65060,"House of Representatives",2018-08-14
51283,"Federation Chamber",2018-08-13
94282,"House of Representatives",2018-08-13
17996,"Federation Chamber",2018-06-28
71805,"House of Representatives",2018-06-28
27009,"Federation Chamber",2018-06-27
89990,"House of Representatives",2018-06-27
24400,"Federation Chamber",2018-06-26
80811,"House of Representatives",2018-06-26
52549,"Federation Chamber",2018-06-25
83602,"House of Representatives",2018-06-25
22583,"Federation Chamber",2018-06-21
55944,"House of Representatives",2018-06-21
50734,"Federation Chamber",2018-06-20
91965,"House of Representatives",2018-06-20
29177,"Federation Chamber",2018-06-19
68416,"House of Representatives",2018-06-19
50593,"Federation Chamber",2018-06-18
85976,"House of Representatives",2018-06-18
22957,"Federation Chamber",2018-05-31
56848,"House of Representatives",2018-05-31
46564,"Federation Chamber",2018-05-30
90546,"House of Representatives",2018-05-30
39880,"Federation Chamber",2018-05-29
68792,"House of Representatives",2018-05-29
30240,"Federation Chamber",2018-05-24
61741,"House of Representatives",2018-05-24
56803,"Federation Chamber",2018-05-23
87932,"House of Representatives",2018-05-23
38926,"Federation Chamber",2018-05-22
66839,"House of Representatives",2018-05-22
51284,"Federation Chamber",2018-05-21
89366,"House of Representatives",2018-05-21
18982,"Federation Chamber",2018-05-10
77249,"House of Representatives",2018-05-10
49831,"Federation Chamber",2018-05-09
89880,"House of Representatives",2018-05-09
0,"Federation Chamber",2018-05-08
78508,"House of Representatives",2018-05-08
22196,"Federation Chamber",2018-03-28
80042,"House of Representatives",2018-03-28
23701,"Federation Chamber",2018-03-27
64826,"House of Representatives",2018-03-27
44817,"Federation Chamber",2018-03-26
90114,"House of Representatives",2018-03-26
23371,"Federation Chamber",2018-03-01
66164,"House of Representatives",2018-03-01
46199,"Federation Chamber",2018-02-28
89187,"House of Representatives",2018-02-28
24437,"Federation Chamber",2018-02-27
67783,"House of Representatives",2018-02-27
54740,"Federation Chamber",2018-02-26
87978,"House of Representatives",2018-02-26
23864,"Federation Chamber",2018-02-15
61869,"House of Representatives",2018-02-15
59306,"Federation Chamber",2018-02-14
95930,"House of Representatives",2018-02-14
27017,"Federation Chamber",2018-02-13
63923,"House of Representatives",2018-02-13
58147,"Federation Chamber",2018-02-12
85611,"House of Representatives",2018-02-12
19109,"Federation Chamber",2018-02-08
56565,"House of Representatives",2018-02-08
35608,"Federation Chamber",2018-02-07
88035,"House of Representatives",2018-02-07
26905,"Federation Chamber",2018-02-06
66290,"House of Representatives",2018-02-06
49965,"Federation Chamber",2018-02-05
94497,"House of Representatives",2018-02-05
19348,"Federation Chamber",2017-12-07
92691,"House of Representatives",2017-12-07
22204,"Federation Chamber",2017-12-06
115706,"House of Representatives",2017-12-06
31565,"Federation Chamber",2017-12-05
104381,"House of Representatives",2017-12-05
20351,"Federation Chamber",2017-12-04
92625,"House of Representatives",2017-12-04
23646,"Federation Chamber",2017-10-26
60743,"House of Representatives",2017-10-26
45356,"Federation Chamber",2017-10-25
79566,"House of Representatives",2017-10-25
30826,"Federation Chamber",2017-10-24
69179,"House of Representatives",2017-10-24
57692,"Federation Chamber",2017-10-23
85719,"House of Representatives",2017-10-23
26503,"Federation Chamber",2017-10-19
63020,"House of Representatives",2017-10-19
53161,"Federation Chamber",2017-10-18
91474,"House of Representatives",2017-10-18
25982,"Federation Chamber",2017-10-17
65739,"House of Representatives",2017-10-17
54420,"Federation Chamber",2017-10-16
93202,"House of Representatives",2017-10-16
19588,"Federation Chamber",2017-09-14
60762,"House of Representatives",2017-09-14
43245,"Federation Chamber",2017-09-13
86818,"House of Representatives",2017-09-13
20597,"Federation Chamber",2017-09-12
67195,"House of Representatives",2017-09-12
50263,"Federation Chamber",2017-09-11
82552,"House of Representatives",2017-09-11
17895,"Federation Chamber",2017-09-07
64347,"House of Representatives",2017-09-07
24582,"Federation Chamber",2017-09-06
87800,"House of Representatives",2017-09-06
30351,"Federation Chamber",2017-09-05
64904,"House of Representatives",2017-09-05
53020,"Federation Chamber",2017-09-04
82481,"House of Representatives",2017-09-04
14195,"Federation Chamber",2017-08-17
57341,"House of Representatives",2017-08-17
36773,"Federation Chamber",2017-08-16
89399,"House of Representatives",2017-08-16
18973,"Federation Chamber",2017-08-15
56102,"House of Representatives",2017-08-15
53988,"Federation Chamber",2017-08-14
80921,"House of Representatives",2017-08-14
20586,"Federation Chamber",2017-08-10
61950,"House of Representatives",2017-08-10
37243,"Federation Chamber",2017-08-09
94679,"House of Representatives",2017-08-09
28757,"Federation Chamber",2017-08-08
78545,"House of Representatives",2017-08-08
25363,"Federation Chamber",2017-06-22
69606,"House of Representatives",2017-06-22
54949,"Federation Chamber",2017-06-21
84275,"House of Representatives",2017-06-21
27540,"Federation Chamber",2017-06-20
65828,"House of Representatives",2017-06-20
38063,"Federation Chamber",2017-06-19
73026,"House of Representatives",2017-06-19
27225,"Federation Chamber",2017-06-15
62312,"House of Representatives",2017-06-15
57727,"Federation Chamber",2017-06-14
91846,"House of Representatives",2017-06-14
28010,"Federation Chamber",2017-06-13
68011,"House of Representatives",2017-06-13
31806,"Federation Chamber",2017-06-01
64076,"House of Representatives",2017-06-01
58704,"Federation Chamber",2017-05-31
93699,"House of Representatives",2017-05-31
40296,"Federation Chamber",2017-05-30
69406,"House of Representatives",2017-05-30
56491,"Federation Chamber",2017-05-29
85215,"House of Representatives",2017-05-29
32601,"Federation Chamber",2017-05-25
68528,"House of Representatives",2017-05-25
56163,"Federation Chamber",2017-05-24
85901,"House of Representatives",2017-05-24
2231,"Federation Chamber",2017-05-23
48054,"House of Representatives",2017-05-23
60409,"Federation Chamber",2017-05-22
88526,"House of Representatives",2017-05-22
22546,"Federation Chamber",2017-05-11
76544,"House of Representatives",2017-05-11
33030,"Federation Chamber",2017-05-10
93043,"House of Representatives",2017-05-10
0,"Federation Chamber",2017-05-09
65264,"House of Representatives",2017-05-09
28425,"Federation Chamber",2017-03-30
61587,"House of Representatives",2017-03-30
51507,"Federation Chamber",2017-03-29
85865,"House of Representatives",2017-03-29
28374,"Federation Chamber",2017-03-28
66819,"House of Representatives",2017-03-28
56282,"Federation Chamber",2017-03-27
82082,"House of Representatives",2017-03-27
26549,"Federation Chamber",2017-03-23
65880,"House of Representatives",2017-03-23
52419,"Federation Chamber",2017-03-22
93877,"House of Representatives",2017-03-22
30839,"Federation Chamber",2017-03-21
72428,"House of Representatives",2017-03-21
61413,"Federation Chamber",2017-03-20
87547,"House of Representatives",2017-03-20
22887,"Federation Chamber",2017-03-02
60697,"House of Representatives",2017-03-02
48734,"Federation Chamber",2017-03-01
87620,"House of Representatives",2017-03-01
28660,"Federation Chamber",2017-02-28
68183,"House of Representatives",2017-02-28
55638,"Federation Chamber",2017-02-27
89047,"House of Representatives",2017-02-27
23560,"Federation Chamber",2017-02-16
59230,"House of Representatives",2017-02-16
22426,"Federation Chamber",2017-02-15
94613,"House of Representatives",2017-02-15
26388,"Federation Chamber",2017-02-14
66380,"House of Representatives",2017-02-14
49618,"Federation Chamber",2017-02-13
76397,"House of Representatives",2017-02-13
25352,"Federation Chamber",2017-02-09
66710,"House of Representatives",2017-02-09
47651,"Federation Chamber",2017-02-08
92699,"House of Representatives",2017-02-08
17985,"Federation Chamber",2017-02-07
80957,"House of Representatives",2017-02-07
21482,"Federation Chamber",2016-12-01
64633,"House of Representatives",2016-12-01
30875,"Federation Chamber",2016-11-30
84252,"House of Representatives",2016-11-30
21395,"Federation Chamber",2016-11-29
64030,"House of Representatives",2016-11-29
54987,"Federation Chamber",2016-11-28
81785,"House of Representatives",2016-11-28
25386,"Federation Chamber",2016-11-24
60609,"House of Representatives",2016-11-24
40950,"Federation Chamber",2016-11-23
93836,"House of Representatives",2016-11-23
26830,"Federation Chamber",2016-11-22
64151,"House of Representatives",2016-11-22
62180,"Federation Chamber",2016-11-21
90530,"House of Representatives",2016-11-21
18292,"Federation Chamber",2016-11-10
60907,"House of Representatives",2016-11-10
9847,"Federation Chamber",2016-11-09
93616,"House of Representatives",2016-11-09
25538,"Federation Chamber",2016-11-08
71166,"House of Representatives",2016-11-08
53091,"Federation Chamber",2016-11-07
79946,"House of Representatives",2016-11-07
24833,"Federation Chamber",2016-10-20
58812,"House of Representatives",2016-10-20
49849,"Federation Chamber",2016-10-19
92265,"House of Representatives",2016-10-19
35076,"Federation Chamber",2016-10-18
62569,"House of Representatives",2016-10-18
49374,"Federation Chamber",2016-10-17
76067,"House of Representatives",2016-10-17
23688,"Federation Chamber",2016-10-13
58434,"House of Representatives",2016-10-13
33972,"Federation Chamber",2016-10-12
71178,"House of Representatives",2016-10-12
33064,"Federation Chamber",2016-10-11
70903,"House of Representatives",2016-10-11
56476,"Federation Chamber",2016-10-10
82590,"House of Representatives",2016-10-10
23863,"Federation Chamber",2016-09-15
75432,"House of Representatives",2016-09-15
11739,"Federation Chamber",2016-09-14
92331,"House of Representatives",2016-09-14
0,"Federation Chamber",2016-09-13
61556,"House of Representatives",2016-09-13
45376,"Federation Chamber",2016-09-12
99352,"House of Representatives",2016-09-12
0,"Federation Chamber",2016-09-01
83728,"House of Representatives",2016-09-01
0,"Federation Chamber",2016-08-31
86442,"House of Representatives",2016-08-31
0,"Federation Chamber",2016-08-30
15939,"House of Representatives",2016-08-30
21482,"Federation Chamber",2016-05-05
86483,"House of Representatives",2016-05-05
13688,"Federation Chamber",2016-05-04
99102,"House of Representatives",2016-05-04
0,"Federation Chamber",2016-05-03
54988,"House of Representatives",2016-05-03
50405,"Federation Chamber",2016-05-02
96099,"House of Representatives",2016-05-02
0,"Federation Chamber",2016-04-19
21793,"House of Representatives",2016-04-19
0,"Federation Chamber",2016-04-18
89713,"House of Representatives",2016-04-18
26289,"Federation Chamber",2016-03-17
88599,"House of Representatives",2016-03-17
20344,"Federation Chamber",2016-03-16
88485,"House of Representatives",2016-03-16
0,"Federation Chamber",2016-03-15
82192,"House of Representatives",2016-03-15
23342,"Federation Chamber",2016-03-03
69869,"House of Representatives",2016-03-03
10412,"Federation Chamber",2016-03-02
99012,"House of Representatives",2016-03-02
0,"Federation Chamber",2016-03-01
81029,"House of Representatives",2016-03-01
42539,"Federation Chamber",2016-02-29
99345,"House of Representatives",2016-02-29
19464,"Federation Chamber",2016-02-25
71601,"House of Representatives",2016-02-25
16863,"Federation Chamber",2016-02-24
94088,"House of Representatives",2016-02-24
0,"Federation Chamber",2016-02-23
78172,"House of Representatives",2016-02-23
67991,"Federation Chamber",2016-02-22
100990,"House of Representatives",2016-02-22
31303,"Federation Chamber",2016-02-11
67124,"House of Representatives",2016-02-11
16232,"Federation Chamber",2016-02-10
88266,"House of Representatives",2016-02-10
0,"Federation Chamber",2016-02-09
80135,"House of Representatives",2016-02-09
41833,"Federation Chamber",2016-02-08
95926,"House of Representatives",2016-02-08
24344,"Federation Chamber",2016-02-04
90934,"House of Representatives",2016-02-04
31403,"Federation Chamber",2016-02-03
119231,"House of Representatives",2016-02-03
0,"Federation Chamber",2016-02-02
94720,"House of Representatives",2016-02-02
30323,"Federation Chamber",2015-12-03
75332,"House of Representatives",2015-12-03
10114,"Federation Chamber",2015-12-02
86433,"House of Representatives",2015-12-02
0,"Federation Chamber",2015-12-01
78349,"House of Representatives",2015-12-01
46911,"Federation Chamber",2015-11-30
107042,"House of Representatives",2015-11-30
28350,"Federation Chamber",2015-11-26
62790,"House of Representatives",2015-11-26
10700,"Federation Chamber",2015-11-25
93556,"House of Representatives",2015-11-25
0,"Federation Chamber",2015-11-24
87657,"House of Representatives",2015-11-24
46077,"Federation Chamber",2015-11-23
110657,"House of Representatives",2015-11-23
28183,"Federation Chamber",2015-11-12
70017,"House of Representatives",2015-11-12
0,"Federation Chamber",2015-11-11
87395,"House of Representatives",2015-11-11
0,"Federation Chamber",2015-11-10
90666,"House of Representatives",2015-11-10
60156,"Federation Chamber",2015-11-09
112434,"House of Representatives",2015-11-09
23439,"Federation Chamber",2015-10-22
75546,"House of Representatives",2015-10-22
9648,"Federation Chamber",2015-10-21
120144,"House of Representatives",2015-10-21
0,"Federation Chamber",2015-10-20
81750,"House of Representatives",2015-10-20
51035,"Federation Chamber",2015-10-19
102415,"House of Representatives",2015-10-19
22485,"Federation Chamber",2015-10-15
71248,"House of Representatives",2015-10-15
9283,"Federation Chamber",2015-10-14
91835,"House of Representatives",2015-10-14
0,"Federation Chamber",2015-10-13
87839,"House of Representatives",2015-10-13
53281,"Federation Chamber",2015-10-12
99002,"House of Representatives",2015-10-12
23453,"Federation Chamber",2015-09-17
67553,"House of Representatives",2015-09-17
9908,"Federation Chamber",2015-09-16
97586,"House of Representatives",2015-09-16
0,"Federation Chamber",2015-09-15
77851,"House of Representatives",2015-09-15
53938,"Federation Chamber",2015-09-14
98458,"House of Representatives",2015-09-14
15671,"Federation Chamber",2015-09-10
95389,"House of Representatives",2015-09-10
15671,"Federation Chamber",2015-09-09
95389,"House of Representatives",2015-09-09
0,"Federation Chamber",2015-09-08
76717,"House of Representatives",2015-09-08
42156,"Federation Chamber",2015-09-07
98329,"House of Representatives",2015-09-07
23265,"Federation Chamber",2015-08-20
66989,"House of Representatives",2015-08-20
9285,"Federation Chamber",2015-08-19
90778,"House of Representatives",2015-08-19
0,"Federation Chamber",2015-08-18
81071,"House of Representatives",2015-08-18
46712,"Federation Chamber",2015-08-17
98495,"House of Representatives",2015-08-17
24458,"Federation Chamber",2015-08-13
67109,"House of Representatives",2015-08-13
26884,"Federation Chamber",2015-08-12
95209,"House of Representatives",2015-08-12
0,"Federation Chamber",2015-08-11
80302,"House of Representatives",2015-08-11
0,"Federation Chamber",2015-08-10
79058,"House of Representatives",2015-08-10
24098,"Federation Chamber",2015-06-25
65280,"House of Representatives",2015-06-25
12864,"Federation Chamber",2015-06-24
93477,"House of Representatives",2015-06-24
0,"Federation Chamber",2015-06-23
78570,"House of Representatives",2015-06-23
64046,"Federation Chamber",2015-06-22
100498,"House of Representatives",2015-06-22
25560,"Federation Chamber",2015-06-18
59116,"House of Representatives",2015-06-18
56057,"Federation Chamber",2015-06-17
92376,"House of Representatives",2015-06-17
41744,"Federation Chamber",2015-06-16
78800,"House of Representatives",2015-06-16
66575,"Federation Chamber",2015-06-15
93366,"House of Representatives",2015-06-15
28341,"Federation Chamber",2015-06-04
65505,"House of Representatives",2015-06-04
27294,"Federation Chamber",2015-06-03
95032,"House of Representatives",2015-06-03
39156,"Federation Chamber",2015-06-02
76046,"House of Representatives",2015-06-02
67681,"Federation Chamber",2015-06-01
95011,"House of Representatives",2015-06-01
28768,"Federation Chamber",2015-05-28
66575,"House of Representatives",2015-05-28
59571,"Federation Chamber",2015-05-27
95862,"House of Representatives",2015-05-27
41142,"Federation Chamber",2015-05-26
78123,"House of Representatives",2015-05-26
40954,"Federation Chamber",2015-05-25
101323,"House of Representatives",2015-05-25
29562,"Federation Chamber",2015-05-14
80579,"House of Representatives",2015-05-14
24985,"Federation Chamber",2015-05-13
90540,"House of Representatives",2015-05-13
0,"Federation Chamber",2015-05-12
63745,"House of Representatives",2015-05-12
21238,"Federation Chamber",2015-03-26
62221,"House of Representatives",2015-03-26
19073,"Federation Chamber",2015-03-25
93431,"House of Representatives",2015-03-25
37363,"Federation Chamber",2015-03-24
78821,"House of Representatives",2015-03-24
0,"Federation Chamber",2015-03-23
29378,"House of Representatives",2015-03-23
22735,"Federation Chamber",2015-03-19
74521,"House of Representatives",2015-03-19
25625,"Federation Chamber",2015-03-18
94512,"House of Representatives",2015-03-18
0,"Federation Chamber",2015-03-17
82563,"House of Representatives",2015-03-17
42826,"Federation Chamber",2015-03-16
122363,"House of Representatives",2015-03-16
23766,"Federation Chamber",2015-03-05
66421,"House of Representatives",2015-03-05
9832,"Federation Chamber",2015-03-04
95062,"House of Representatives",2015-03-04
0,"Federation Chamber",2015-03-03
78956,"House of Representatives",2015-03-03
45134,"Federation Chamber",2015-03-02
100530,"House of Representatives",2015-03-02
28370,"Federation Chamber",2015-02-26
63158,"House of Representatives",2015-02-26
7644,"Federation Chamber",2015-02-25
92416,"House of Representatives",2015-02-25
0,"Federation Chamber",2015-02-24
81442,"House of Representatives",2015-02-24
43572,"Federation Chamber",2015-02-23
100086,"House of Representatives",2015-02-23
25069,"Federation Chamber",2015-02-12
64737,"House of Representatives",2015-02-12
11246,"Federation Chamber",2015-02-11
95866,"House of Representatives",2015-02-11
0,"Federation Chamber",2015-02-10
79423,"House of Representatives",2015-02-10
40082,"Federation Chamber",2015-02-09
115663,"House of Representatives",2015-02-09
20324,"Federation Chamber",2014-12-04
77936,"House of Representatives",2014-12-04
25057,"Federation Chamber",2014-12-03
91471,"House of Representatives",2014-12-03
0,"Federation Chamber",2014-12-02
79406,"House of Representatives",2014-12-02
56908,"Federation Chamber",2014-12-01
97504,"House of Representatives",2014-12-01
28726,"Federation Chamber",2014-11-27
68489,"House of Representatives",2014-11-27
21841,"Federation Chamber",2014-11-26
89977,"House of Representatives",2014-11-26
0,"Federation Chamber",2014-11-25
106028,"House of Representatives",2014-11-25
41313,"Federation Chamber",2014-11-24
105518,"House of Representatives",2014-11-24
0,"Federation Chamber",2014-11-18
4268,"House of Representatives",2014-11-18
0,"Federation Chamber",2014-11-17
5660,"House of Representatives",2014-11-17
0,"Federation Chamber",2014-11-14
5247,"House of Representatives",2014-11-14
17709,"Federation Chamber",2014-10-30
67961,"House of Representatives",2014-10-30
9517,"Federation Chamber",2014-10-29
93611,"House of Representatives",2014-10-29
0,"Federation Chamber",2014-10-28
112395,"House of Representatives",2014-10-28
45445,"Federation Chamber",2014-10-27
106728,"House of Representatives",2014-10-27
18187,"Federation Chamber",2014-10-23
67745,"House of Representatives",2014-10-23
9356,"Federation Chamber",2014-10-22
87427,"House of Representatives",2014-10-22
0,"Federation Chamber",2014-10-21
21438,"House of Representatives",2014-10-21
42381,"Federation Chamber",2014-10-20
104950,"House of Representatives",2014-10-20
26383,"Federation Chamber",2014-10-02
67778,"House of Representatives",2014-10-02
27649,"Federation Chamber",2014-10-01
95023,"House of Representatives",2014-10-01
0,"Federation Chamber",2014-09-30
81240,"House of Representatives",2014-09-30
29463,"Federation Chamber",2014-09-25
67243,"House of Representatives",2014-09-25
25586,"Federation Chamber",2014-09-24
97945,"House of Representatives",2014-09-24
0,"Federation Chamber",2014-09-23
80712,"House of Representatives",2014-09-23
56619,"Federation Chamber",2014-09-22
116916,"House of Representatives",2014-09-22
27733,"Federation Chamber",2014-09-04
64107,"House of Representatives",2014-09-04
29995,"Federation Chamber",2014-09-03
94621,"House of Representatives",2014-09-03
0,"Federation Chamber",2014-09-02
79024,"House of Representatives",2014-09-02
56980,"Federation Chamber",2014-09-01
86580,"House of Representatives",2014-09-01
29595,"Federation Chamber",2014-08-28
71021,"House of Representatives",2014-08-28
29030,"Federation Chamber",2014-08-27
94312,"House of Representatives",2014-08-27
0,"Federation Chamber",2014-08-26
79176,"House of Representatives",2014-08-26
19073,"Federation Chamber",2014-07-17
107791,"House of Representatives",2014-07-17
31793,"Federation Chamber",2014-07-16
88460,"House of Representatives",2014-07-16
0,"Federation Chamber",2014-07-15
80570,"House of Representatives",2014-07-15
38281,"Federation Chamber",2014-07-14
107118,"House of Representatives",2014-07-14
0,"Federation Chamber",2014-07-08
4262,"House of Representatives",2014-07-08
18591,"Federation Chamber",2014-06-26
75259,"House of Representatives",2014-06-26
10407,"Federation Chamber",2014-06-25
89496,"House of Representatives",2014-06-25
0,"Federation Chamber",2014-06-24
74392,"House of Representatives",2014-06-24
56849,"Federation Chamber",2014-06-23
95847,"House of Representatives",2014-06-23
32867,"Federation Chamber",2014-06-19
61261,"House of Representatives",2014-06-19
53078,"Federation Chamber",2014-06-18
94375,"House of Representatives",2014-06-18
55499,"Federation Chamber",2014-06-17
80158,"House of Representatives",2014-06-17
68720,"Federation Chamber",2014-06-16
97552,"House of Representatives",2014-06-16
27754,"Federation Chamber",2014-06-05
64931,"House of Representatives",2014-06-05
38293,"Federation Chamber",2014-06-04
96201,"House of Representatives",2014-06-04
41663,"Federation Chamber",2014-06-03
80892,"House of Representatives",2014-06-03
70235,"Federation Chamber",2014-06-02
98441,"House of Representatives",2014-06-02
32657,"Federation Chamber",2014-05-29
68759,"House of Representatives",2014-05-29
55687,"Federation Chamber",2014-05-28
94085,"House of Representatives",2014-05-28
40232,"Federation Chamber",2014-05-27
79635,"House of Representatives",2014-05-27
69654,"Federation Chamber",2014-05-26
96832,"House of Representatives",2014-05-26
22991,"Federation Chamber",2014-05-15
78907,"House of Representatives",2014-05-15
24202,"Federation Chamber",2014-05-14
92887,"House of Representatives",2014-05-14
0,"Federation Chamber",2014-05-13
64563,"House of Representatives",2014-05-13
26797,"Federation Chamber",2014-03-27
70808,"House of Representatives",2014-03-27
10371,"Federation Chamber",2014-03-26
94295,"House of Representatives",2014-03-26
0,"Federation Chamber",2014-03-25
81766,"House of Representatives",2014-03-25
41555,"Federation Chamber",2014-03-24
96384,"House of Representatives",2014-03-24
18289,"Federation Chamber",2014-03-20
66691,"House of Representatives",2014-03-20
24844,"Federation Chamber",2014-03-19
91926,"House of Representatives",2014-03-19
0,"Federation Chamber",2014-03-18
79362,"House of Representatives",2014-03-18
43680,"Federation Chamber",2014-03-17
85767,"House of Representatives",2014-03-17
18427,"Federation Chamber",2014-03-06
55986,"House of Representatives",2014-03-06
9040,"Federation Chamber",2014-03-05
94929,"House of Representatives",2014-03-05
0,"Federation Chamber",2014-03-04
79537,"House of Representatives",2014-03-04
42885,"Federation Chamber",2014-03-03
102024,"House of Representatives",2014-03-03
30288,"Federation Chamber",2014-02-27
69576,"House of Representatives",2014-02-27
26323,"Federation Chamber",2014-02-26
95369,"House of Representatives",2014-02-26
0,"Federation Chamber",2014-02-25
78586,"House of Representatives",2014-02-25
42115,"Federation Chamber",2014-02-24
101556,"House of Representatives",2014-02-24
26120,"Federation Chamber",2014-02-13
67718,"House of Representatives",2014-02-13
16274,"Federation Chamber",2014-02-12
68959,"House of Representatives",2014-02-12
0,"Federation Chamber",2014-02-11
78635,"House of Representatives",2014-02-11
17891,"Federation Chamber",2013-12-12
64014,"House of Representatives",2013-12-12
21356,"Federation Chamber",2013-12-11
87380,"House of Representatives",2013-12-11
0,"Federation Chamber",2013-12-10
78283,"House of Representatives",2013-12-10
53894,"Federation Chamber",2013-12-09
96731,"House of Representatives",2013-12-09
42800,"Federation Chamber",2013-12-02
100361,"House of Representatives",2013-12-02
18031,"Federation Chamber",2013-11-21
72547,"House of Representatives",2013-11-21
9385,"Federation Chamber",2013-11-20
89664,"House of Representatives",2013-11-20
0,"Federation Chamber",2013-11-19
78006,"House of Representatives",2013-11-19
40718,"Federation Chamber",2013-11-18
102584,"House of Representatives",2013-11-18
0,"Federation Chamber",2013-11-14
64684,"House of Representatives",2013-11-14
0,"Federation Chamber",2013-11-13
90547,"House of Representatives",2013-11-13
0,"Federation Chamber",2013-11-12
17497,"House of Representatives",2013-11-12
0,"Federation Chamber",2013-06-27
45035,"House of Representatives",2013-06-27
32879,"Federation Chamber",2013-06-26
62803,"House of Representatives",2013-06-26
12881,"Federation Chamber",2013-06-25
80536,"House of Representatives",2013-06-25
72251,"Federation Chamber",2013-06-24
105519,"House of Representatives",2013-06-24
20062,"Federation Chamber",2013-06-20
63488,"House of Representatives",2013-06-20
29997,"Federation Chamber",2013-06-19
88896,"House of Representatives",2013-06-19
20937,"Federation Chamber",2013-06-18
83712,"House of Representatives",2013-06-18
69650,"Federation Chamber",2013-06-17
101373,"House of Representatives",2013-06-17
39190,"Federation Chamber",2013-06-06
72275,"House of Representatives",2013-06-06
55142,"Federation Chamber",2013-06-05
88297,"House of Representatives",2013-06-05
55162,"Federation Chamber",2013-06-04
82691,"House of Representatives",2013-06-04
69441,"Federation Chamber",2013-06-03
110914,"House of Representatives",2013-06-03
43902,"Federation Chamber",2013-05-30
68249,"House of Representatives",2013-05-30
67405,"Federation Chamber",2013-05-29
107640,"House of Representatives",2013-05-29
58005,"Federation Chamber",2013-05-28
83303,"House of Representatives",2013-05-28
80852,"Federation Chamber",2013-05-27
111194,"House of Representatives",2013-05-27
17495,"Federation Chamber",2013-05-16
76106,"House of Representatives",2013-05-16
46204,"Federation Chamber",2013-05-15
92795,"House of Representatives",2013-05-15
0,"Federation Chamber",2013-05-14
71765,"House of Representatives",2013-05-14
22408,"Federation Chamber",2013-03-21
59928,"House of Representatives",2013-03-21
12203,"Federation Chamber",2013-03-20
89907,"House of Representatives",2013-03-20
11621,"Federation Chamber",2013-03-19
66378,"House of Representatives",2013-03-19
63845,"Federation Chamber",2013-03-18
102808,"House of Representatives",2013-03-18
25193,"Federation Chamber",2013-03-14
70285,"House of Representatives",2013-03-14
50332,"Federation Chamber",2013-03-13
98719,"House of Representatives",2013-03-13
51795,"Federation Chamber",2013-03-12
92309,"House of Representatives",2013-03-12
39530,"Federation Chamber",2013-02-14
73804,"House of Representatives",2013-02-14
71324,"Federation Chamber",2013-02-13
90519,"House of Representatives",2013-02-13
48417,"Federation Chamber",2013-02-12
89106,"House of Representatives",2013-02-12
72878,"Federation Chamber",2013-02-11
108780,"House of Representatives",2013-02-11
30034,"Federation Chamber",2013-02-07
74889,"House of Representatives",2013-02-07
44268,"Federation Chamber",2013-02-06
92485,"House of Representatives",2013-02-06
0,"Federation Chamber",2013-02-05
76532,"House of Representatives",2013-02-05
27145,"Federation Chamber",2012-11-29
86229,"House of Representatives",2012-11-29
26428,"Federation Chamber",2012-11-28
104802,"House of Representatives",2012-11-28
22422,"Federation Chamber",2012-11-27
106012,"House of Representatives",2012-11-27
79724,"Federation Chamber",2012-11-26
108457,"House of Representatives",2012-11-26
22831,"Federation Chamber",2012-11-01
64718,"House of Representatives",2012-11-01
7635,"Federation Chamber",2012-10-31
93248,"House of Representatives",2012-10-31
40277,"Federation Chamber",2012-10-30
89402,"House of Representatives",2012-10-30
76919,"Federation Chamber",2012-10-29
111322,"House of Representatives",2012-10-29
16494,"Federation Chamber",2012-10-11
50590,"House of Representatives",2012-10-11
39563,"Federation Chamber",2012-10-10
113510,"House of Representatives",2012-10-10
23790,"Federation Chamber",2012-10-09
93551,"House of Representatives",2012-10-09
30315,"Federation Chamber",2012-09-20
69366,"House of Representatives",2012-09-20
24611,"Federation Chamber",2012-09-19
89881,"House of Representatives",2012-09-19
21260,"Federation Chamber",2012-09-18
84172,"House of Representatives",2012-09-18
69102,"Federation Chamber",2012-09-17
106097,"House of Representatives",2012-09-17
18521,"Federation Chamber",2012-09-13
63984,"House of Representatives",2012-09-13
29562,"Federation Chamber",2012-09-12
93823,"House of Representatives",2012-09-12
0,"Federation Chamber",2012-09-11
70804,"House of Representatives",2012-09-11
63521,"Federation Chamber",2012-09-10
106899,"House of Representatives",2012-09-10
28667,"Federation Chamber",2012-08-23
63381,"House of Representatives",2012-08-23
24335,"Federation Chamber",2012-08-22
91984,"House of Representatives",2012-08-22
15655,"Federation Chamber",2012-08-21
71319,"House of Representatives",2012-08-21
75006,"Federation Chamber",2012-08-20
105703,"House of Representatives",2012-08-20
27212,"Federation Chamber",2012-08-16
64819,"House of Representatives",2012-08-16
28363,"Federation Chamber",2012-08-15
92364,"House of Representatives",2012-08-15
0,"Federation Chamber",2012-08-14
80565,"House of Representatives",2012-08-14
24713,"Federation Chamber",2012-06-28
69462,"House of Representatives",2012-06-28
8490,"Federation Chamber",2012-06-27
85756,"House of Representatives",2012-06-27
17081,"Federation Chamber",2012-06-26
114298,"House of Representatives",2012-06-26
72870,"Federation Chamber",2012-06-25
106116,"House of Representatives",2012-06-25
29559,"Federation Chamber",2012-06-21
68581,"House of Representatives",2012-06-21
46990,"Federation Chamber",2012-06-20
89566,"House of Representatives",2012-06-20
45746,"Federation Chamber",2012-06-19
82800,"House of Representatives",2012-06-19
77885,"Federation Chamber",2012-06-18
105411,"House of Representatives",2012-06-18
29087,"Federation Chamber",2012-05-31
63433,"House of Representatives",2012-05-31
49016,"Federation Chamber",2012-05-30
86861,"House of Representatives",2012-05-30
66801,"Federation Chamber",2012-05-29
89441,"House of Representatives",2012-05-29
77745,"Federation Chamber",2012-05-28
109749,"House of Representatives",2012-05-28
27454,"Federation Chamber",2012-05-24
65558,"House of Representatives",2012-05-24
57364,"Federation Chamber",2012-05-23
87859,"House of Representatives",2012-05-23
52502,"Federation Chamber",2012-05-22
72348,"House of Representatives",2012-05-22
74784,"Federation Chamber",2012-05-21
105375,"House of Representatives",2012-05-21
30549,"Federation Chamber",2012-05-10
76708,"House of Representatives",2012-05-10
52739,"Federation Chamber",2012-05-09
93081,"House of Representatives",2012-05-09
0,"Federation Chamber",2012-05-08
58491,"House of Representatives",2012-05-08
29149,"Federation Chamber",2012-03-22
68806,"House of Representatives",2012-03-22
52928,"Federation Chamber",2012-03-21
85963,"House of Representatives",2012-03-21
44762,"Federation Chamber",2012-03-20
70157,"House of Representatives",2012-03-20
68248,"Federation Chamber",2012-03-19
95006,"House of Representatives",2012-03-19
27320,"Federation Chamber",2012-03-15
66001,"House of Representatives",2012-03-15
47778,"Federation Chamber",2012-03-14
94342,"House of Representatives",2012-03-14
21600,"Federation Chamber",2012-03-13
78669,"House of Representatives",2012-03-13
30326,"Federation Chamber",2012-03-01
68711,"House of Representatives",2012-03-01
28096,"Federation Chamber",2012-02-29
91218,"House of Representatives",2012-02-29
46079,"Federation Chamber",2012-02-28
70246,"House of Representatives",2012-02-28
63925,"Federation Chamber",2012-02-27
94037,"House of Representatives",2012-02-27
21839,"Federation Chamber",2012-02-16
66164,"House of Representatives",2012-02-16
52807,"Federation Chamber",2012-02-15
88942,"House of Representatives",2012-02-15
51923,"Federation Chamber",2012-02-14
93057,"House of Representatives",2012-02-14
72043,"Federation Chamber",2012-02-13
104543,"House of Representatives",2012-02-13
30196,"Federation Chamber",2012-02-09
84601,"House of Representatives",2012-02-09
55580,"Federation Chamber",2012-02-08
116243,"House of Representatives",2012-02-08
0,"Federation Chamber",2012-02-07
89910,"House of Representatives",2012-02-07
15028,"Federation Chamber",2011-11-24
63177,"House of Representatives",2011-11-24
27959,"Federation Chamber",2011-11-23
86661,"House of Representatives",2011-11-23
45350,"Federation Chamber",2011-11-22
134589,"House of Representatives",2011-11-22
74222,"Federation Chamber",2011-11-21
113520,"House of Representatives",2011-11-21
0,"Federation Chamber",2011-11-17
6005,"House of Representatives",2011-11-17
27465,"Federation Chamber",2011-11-03
64571,"House of Representatives",2011-11-03
46531,"Federation Chamber",2011-11-02
99693,"House of Representatives",2011-11-02
0,"Federation Chamber",2011-11-01
67304,"House of Representatives",2011-11-01
65877,"Federation Chamber",2011-10-31
111758,"House of Representatives",2011-10-31
22692,"Federation Chamber",2011-10-13
61179,"House of Representatives",2011-10-13
37262,"Federation Chamber",2011-10-12
96511,"House of Representatives",2011-10-12
0,"Federation Chamber",2011-10-11
125740,"House of Representatives",2011-10-11
31419,"Federation Chamber",2011-09-22
63831,"House of Representatives",2011-09-22
30200,"Federation Chamber",2011-09-21
96609,"House of Representatives",2011-09-21
0,"Federation Chamber",2011-09-20
124534,"House of Representatives",2011-09-20
72092,"Federation Chamber",2011-09-19
105691,"House of Representatives",2011-09-19
22405,"Federation Chamber",2011-09-15
62102,"House of Representatives",2011-09-15
59925,"Federation Chamber",2011-09-14
95482,"House of Representatives",2011-09-14
0,"Federation Chamber",2011-09-13
80491,"House of Representatives",2011-09-13
69825,"Federation Chamber",2011-09-12
101723,"House of Representatives",2011-09-12
28219,"Federation Chamber",2011-08-25
60684,"House of Representatives",2011-08-25
55222,"Federation Chamber",2011-08-24
88685,"House of Representatives",2011-08-24
0,"Federation Chamber",2011-08-23
67783,"House of Representatives",2011-08-23
70163,"Federation Chamber",2011-08-22
101186,"House of Representatives",2011-08-22
26772,"Federation Chamber",2011-08-18
65165,"House of Representatives",2011-08-18
51996,"Federation Chamber",2011-08-17
88145,"House of Representatives",2011-08-17
0,"Federation Chamber",2011-08-16
84879,"House of Representatives",2011-08-16
21957,"Federation Chamber",2011-07-07
64635,"House of Representatives",2011-07-07
60151,"Federation Chamber",2011-07-06
93134,"House of Representatives",2011-07-06
0,"Federation Chamber",2011-07-05
67394,"House of Representatives",2011-07-05
81227,"Federation Chamber",2011-07-04
105474,"House of Representatives",2011-07-04
30547,"Federation Chamber",2011-06-23
74695,"House of Representatives",2011-06-23
42063,"Federation Chamber",2011-06-22
93715,"House of Representatives",2011-06-22
30032,"Federation Chamber",2011-06-21
83400,"House of Representatives",2011-06-21
51262,"Federation Chamber",2011-06-20
51691,"House of Representatives",2011-06-20
24966,"Federation Chamber",2011-06-16
55091,"House of Representatives",2011-06-16
60105,"Federation Chamber",2011-06-15
86252,"House of Representatives",2011-06-15
48127,"Federation Chamber",2011-06-14
72123,"House of Representatives",2011-06-14
13625,"Federation Chamber",2011-06-02
57035,"House of Representatives",2011-06-02
46448,"Federation Chamber",2011-06-01
88244,"House of Representatives",2011-06-01
51478,"Federation Chamber",2011-05-31
70391,"House of Representatives",2011-05-31
77154,"Federation Chamber",2011-05-30
107368,"House of Representatives",2011-05-30
32353,"Federation Chamber",2011-05-26
68692,"House of Representatives",2011-05-26
59688,"Federation Chamber",2011-05-25
100644,"House of Representatives",2011-05-25
43763,"Federation Chamber",2011-05-24
61465,"House of Representatives",2011-05-24
75875,"Federation Chamber",2011-05-23
113127,"House of Representatives",2011-05-23
28701,"Federation Chamber",2011-05-12
72280,"House of Representatives",2011-05-12
53823,"Federation Chamber",2011-05-11
102440,"House of Representatives",2011-05-11
0,"Federation Chamber",2011-05-10
47457,"House of Representatives",2011-05-10
